,Name
2471,bbb_3302
5575,bbb_6258
6455,bbb_710
4344,bbb_5085
2846,bbb_3656
3317,bbb_408
2170,bbb_3013
1638,bbb_2520
6783,bbb_744
6726,bbb_7380
5675,bbb_636
4347,bbb_5089
4280,bbb_5024
2186,bbb_3028
4061,bbb_480
5917,bbb_6597
2461,bbb_3293
4639,bbb_5365
4827,bbb_5547
6751,bbb_7413
5946,bbb_662
65,bbb_1060
3504,bbb_4255
6154,bbb_6818
7325,bbb_924
4955,bbb_5666
3931,bbb_4678
1449,bbb_2350
1604,bbb_2489
46,bbb_1042
4735,bbb_5452
6736,bbb_739
4838,bbb_5557
963,bbb_1899
6815,bbb_7474
6905,bbb_7559
7333,bbb_932
3228,bbb_400
5188,bbb_5891
3532,bbb_4281
5060,bbb_5769
4993,bbb_5704
7366,bbb_961
710,bbb_1660
4348,bbb_5090
5131,bbb_5838
5271,bbb_5967
5129,bbb_5836
2350,bbb_3189
3402,bbb_4163
6788,bbb_7448
1435,bbb_2338
100,bbb_109
7076,bbb_7721
2244,bbb_308
6023,bbb_6694
6177,bbb_68
4241,bbb_4988
6392,bbb_7041
2293,bbb_3137
5190,bbb_5893
6728,bbb_7382
7131,bbb_7772
6098,bbb_676
6328,bbb_6982
6361,bbb_701
7041,bbb_7686
1758,bbb_2629
4414,bbb_5150
2668,bbb_3491
2506,bbb_333
7209,bbb_817
3002,bbb_3799
6350,bbb_700
6212,bbb_687
5625,bbb_631
5082,bbb_5789
6965,bbb_7616
2513,bbb_33
2012,bbb_2861
3639,bbb_439
7051,bbb_7695
2567,bbb_339
479,bbb_1444
6016,bbb_6688
2983,bbb_3782
4726,bbb_544
4463,bbb_5196
5460,bbb_6147
3766,bbb_4522
674,bbb_1628
7374,bbb_968
567,bbb_1529
1017,bbb_1949
1307,bbb_2223
7050,bbb_7694
6100,bbb_6765
3760,bbb_4512
4346,bbb_5088
1252,bbb_2173
3095,bbb_388
6092,bbb_6758
5215,bbb_5915
1602,bbb_2487
4437,bbb_5172
4505,bbb_5236
4651,bbb_5376
6937,bbb_7591
4675,bbb_5398
6619,bbb_7271
3731,bbb_448
5210,bbb_5911
5221,bbb_5921
4449,bbb_518
1442,bbb_234
1562,bbb_2451
2365,bbb_320
6845,bbb_750
4269,bbb_5014
4816,bbb_5535
3121,bbb_3907
7268,bbb_873
2407,bbb_3241
2036,bbb_288
7200,bbb_809
4997,bbb_5708
63,bbb_1057
3556,bbb_430
2816,bbb_3630
4945,bbb_5656
171,bbb_1158
7047,bbb_7692
6920,bbb_7573
6170,bbb_6833
1580,bbb_2467
1518,bbb_2412
4807,bbb_5527
1626,bbb_2509
1865,bbb_2728
4808,bbb_5528
4869,bbb_5585
6752,bbb_741
5054,bbb_576
5523,bbb_6208
6389,bbb_7039
4631,bbb_5357
2857,bbb_3667
5124,bbb_5831
7168,bbb_7806
1290,bbb_2207
1043,bbb_1973
4342,bbb_508
1971,bbb_2824
5388,bbb_6079
26,bbb_1024
3085,bbb_3874
4089,bbb_4838
872,bbb_1814
4252,bbb_4998
3167,bbb_3948
5243,bbb_5942
7245,bbb_851
7009,bbb_7656
5226,bbb_5927
1871,bbb_273
419,bbb_1389
4588,bbb_5317
2977,bbb_3776
4118,bbb_4866
2323,bbb_316
7196,bbb_805
5727,bbb_6411
7303,bbb_904
4555,bbb_5284
395,bbb_1367
1393,bbb_2300
1714,bbb_2589
106,bbb_1099
5118,bbb_5824
1336,bbb_2248
166,bbb_115
5561,bbb_6244
1743,bbb_2615
4970,bbb_5681
5151,bbb_5855
4988,bbb_5699
7292,bbb_894
712,bbb_1662
6600,bbb_725
2336,bbb_3175
2098,bbb_29
2801,bbb_3616
3435,bbb_4193
3858,bbb_4607
6740,bbb_7401
2788,bbb_3604
3487,bbb_4240
4608,bbb_5336
2682,bbb_350
4663,bbb_5387
5549,bbb_6233
3949,bbb_4696
5181,bbb_588
5021,bbb_5732
4530,bbb_5259
5939,bbb_6617
4434,bbb_5169
4305,bbb_5050
4575,bbb_5305
4450,bbb_5184
1386,bbb_229
1705,bbb_2581
2551,bbb_337
4556,bbb_5285
5279,bbb_5974
6401,bbb_7050
7111,bbb_775
1242,bbb_2163
5081,bbb_5788
5224,bbb_5924
4887,bbb_5602
5262,bbb_5959
6622,bbb_7275
7123,bbb_7764
4966,bbb_5677
3827,bbb_4579
916,bbb_185
1483,bbb_2381
6997,bbb_7644
6107,bbb_6772
1174,bbb_2099
1455,bbb_2355
5183,bbb_5885
7176,bbb_787
5542,bbb_6226
6211,bbb_6873
796,bbb_174
3361,bbb_4124
1686,bbb_256
4250,bbb_4996
3898,bbb_464
1302,bbb_2218
1713,bbb_2588
7278,bbb_882
352,bbb_1328
3941,bbb_4688
4835,bbb_5554
828,bbb_1773
162,bbb_1150
1433,bbb_2336
5203,bbb_5904
4860,bbb_5577
6686,bbb_7342
7063,bbb_7706
5395,bbb_6085
4293,bbb_5038
6134,bbb_6797
1080,bbb_2013
5266,bbb_5963
4374,bbb_5114
584,bbb_154
1926,bbb_278
4453,bbb_5187
1412,bbb_2317
3736,bbb_4488
7270,bbb_874
5011,bbb_5723
5013,bbb_5724
1974,bbb_2827
6139,bbb_6802
7120,bbb_7762
1368,bbb_2277
4839,bbb_5558
4792,bbb_551
5196,bbb_5898
5976,bbb_6651
2515,bbb_3341
3460,bbb_4215
6643,bbb_7298
6299,bbb_6955
2755,bbb_357
3448,bbb_4204
6967,bbb_7618
7183,bbb_79
113,bbb_1105
2528,bbb_3353
664,bbb_1619
3757,bbb_4509
4470,bbb_520
2646,bbb_3469
3567,bbb_431
5267,bbb_596
6974,bbb_7624
393,bbb_1365
29,bbb_1027
2593,bbb_3422
6542,bbb_7187
1160,bbb_2086
1735,bbb_2608
4886,bbb_5601
7247,bbb_853
7138,bbb_7778
3377,bbb_41
7080,bbb_7724
5239,bbb_5939
4641,bbb_5367
7225,bbb_833
4557,bbb_5286
7012,bbb_7659
2546,bbb_3369
4940,bbb_5652
2845,bbb_3655
5277,bbb_5973
7265,bbb_869
5812,bbb_649
7173,bbb_78
1985,bbb_2837
2882,bbb_3690
1937,bbb_279
4914,bbb_5628
4459,bbb_5193
3339,bbb_410
7277,bbb_881
1799,bbb_2666
3947,bbb_4694
2561,bbb_3383
6757,bbb_7418
5062,bbb_5771
4475,bbb_5208
831,bbb_1775
5604,bbb_6286
4466,bbb_5199
7331,bbb_930
2100,bbb_2941
498,bbb_146
3516,bbb_4266
5088,bbb_5796
71,bbb_1065
4456,bbb_5190
5111,bbb_5818
1231,bbb_2153
5005,bbb_5717
5644,bbb_6335
542,bbb_1504
688,bbb_1640
1256,bbb_2176
4936,bbb_5648
1432,bbb_2335
4078,bbb_4823
7057,bbb_7701
4569,bbb_5300
480,bbb_1445
3331,bbb_4096
1111,bbb_2041
1761,bbb_2632
4642,bbb_5368
7038,bbb_768
3035,bbb_3829
3258,bbb_4031
5268,bbb_5964
913,bbb_1851
4476,bbb_5209
5152,bbb_5856
5086,bbb_5794
4930,bbb_5643
5180,bbb_5883
5775,bbb_6454
4255,bbb_5001
4775,bbb_5494
5207,bbb_5908
5214,bbb_5914
3502,bbb_425
4433,bbb_5168
5227,bbb_5928
7192,bbb_802
6981,bbb_7631
6449,bbb_7098
5153,bbb_5857
1216,bbb_21
4109,bbb_4857
1516,bbb_2410
563,bbb_1525
3149,bbb_3933
4939,bbb_5651
5158,bbb_5862
1255,bbb_2175
466,bbb_143
3957,bbb_470
363,bbb_1338
4697,bbb_5417
168,bbb_1155
4708,bbb_5428
4964,bbb_5675
6710,bbb_7364
6868,bbb_7525
6653,bbb_7309
4532,bbb_5261
786,bbb_1735
7239,bbb_845
3330,bbb_4095
365,bbb_13
5098,bbb_5806
3251,bbb_4024
1320,bbb_2234
6435,bbb_708
4426,bbb_5161
3257,bbb_4030
5387,bbb_6078
4967,bbb_5678
661,bbb_1616
1088,bbb_2021
1440,bbb_2342
2038,bbb_2885
5616,bbb_630
5186,bbb_5888
4689,bbb_5410
3867,bbb_4615
4401,bbb_5139
3052,bbb_3844
502,bbb_1467
3523,bbb_4273
837,bbb_1781
341,bbb_1318
5525,bbb_6210
4884,bbb_5599
755,bbb_1707
5253,bbb_5951
4862,bbb_5579
4710,bbb_5430
4829,bbb_5549
1643,bbb_2524
4332,bbb_5074
2969,bbb_3769
5192,bbb_5894
4063,bbb_4805
1629,bbb_2512
124,bbb_1115
2243,bbb_3083
4856,bbb_557
1087,bbb_2020
4339,bbb_5081
4624,bbb_5350
2450,bbb_3283
6181,bbb_684
1769,bbb_26
7260,bbb_864
6773,bbb_743
7033,bbb_7678
4943,bbb_5654
5171,bbb_5874
4725,bbb_5443
5787,bbb_6465
3498,bbb_4250
1620,bbb_250
5115,bbb_5822
4545,bbb_5273
4919,bbb_5633
3114,bbb_3901
6404,bbb_7053
1350,bbb_2261
5529,bbb_6214
1369,bbb_2278
4971,bbb_5682
3326,bbb_4092
3611,bbb_4362
1072,bbb_2001
3725,bbb_4477
310,bbb_1289
6148,bbb_6810
1434,bbb_2337
5773,bbb_6453
962,bbb_1898
5048,bbb_5758
847,bbb_1791
4965,bbb_5676
4351,bbb_5093
4677,bbb_5
4634,bbb_5361
1254,bbb_2174
132,bbb_1123
7161,bbb_7800
7267,bbb_872
3143,bbb_3927
3832,bbb_458
3944,bbb_4691
6484,bbb_7131
3511,bbb_4262
1680,bbb_2558
5122,bbb_5828
134,bbb_1124
4510,bbb_5240
4590,bbb_5319
6358,bbb_7011
782,bbb_1732
2847,bbb_3657
7230,bbb_837
2996,bbb_379
5416,bbb_6108
5645,bbb_6336
4652,bbb_5377
7159,bbb_7798
6636,bbb_7289
3893,bbb_46
3702,bbb_4455
5177,bbb_5880
503,bbb_1468
3028,bbb_3823
4354,bbb_5096
5166,bbb_5870
2887,bbb_3694
4925,bbb_5638
4595,bbb_5324
5303,bbb_5999
158,bbb_1146
7364,bbb_959
242,bbb_1224
1450,bbb_2351
3447,bbb_420
2155,bbb_2999
4368,bbb_5109
208,bbb_1192
5870,bbb_6550
6188,bbb_6850
4491,bbb_522
133,bbb_112
2833,bbb_3644
175,bbb_1162
261,bbb_1241
1591,bbb_2477
4561,bbb_5290
3521,bbb_4271
3968,bbb_471
5756,bbb_6438
1366,bbb_2275
4897,bbb_5612
4356,bbb_5098
1526,bbb_2419
334,bbb_1311
1459,bbb_2359
7113,bbb_7755
625,bbb_1582
4219,bbb_4967
1200,bbb_212
4976,bbb_5687
562,bbb_152
819,bbb_1764
3872,bbb_4620
6215,bbb_6876
391,bbb_136
7182,bbb_793
4619,bbb_5345
774,bbb_1724
4917,bbb_5631
5003,bbb_5714
5408,bbb_6097
3145,bbb_3929
5235,bbb_5935
553,bbb_1515
5103,bbb_5811
575,bbb_1536
3195,bbb_397
2230,bbb_3070
7295,bbb_897
6391,bbb_7040
4910,bbb_5624
1504,bbb_2
4732,bbb_5449
4628,bbb_535
6684,bbb_7340
4606,bbb_5334
4150,bbb_4902
4601,bbb_5330
4684,bbb_5405
4649,bbb_5374
4859,bbb_5576
4707,bbb_5427
1436,bbb_2339
1349,bbb_2260
4942,bbb_565
283,bbb_1263
3144,bbb_3928
1361,bbb_2271
5007,bbb_5719
2905,bbb_3711
7351,bbb_947
4922,bbb_5635
5175,bbb_5878
2995,bbb_3793
3329,bbb_4094
5056,bbb_5765
1707,bbb_2583
5135,bbb_5841
6483,bbb_7130
5739,bbb_6422
1391,bbb_2298
5185,bbb_5887
5657,bbb_6346
1379,bbb_2287
2597,bbb_3425
4961,bbb_5673
807,bbb_175
127,bbb_1118
1644,bbb_2525
3160,bbb_3942
4130,bbb_4877
4621,bbb_5347
1765,bbb_2636
6135,bbb_6798
5248,bbb_5946
4439,bbb_517
3372,bbb_4135
7134,bbb_7774
660,bbb_1615
6051,bbb_6721
1118,bbb_2047
7162,bbb_7801
839,bbb_178
4417,bbb_5153
4171,bbb_4922
3383,bbb_4144
6523,bbb_7168
6109,bbb_677
7405,bbb_998
4696,bbb_5416
3789,bbb_454
85,bbb_1079
1659,bbb_25
4998,bbb_5709
3030,bbb_3824
4980,bbb_5691
3281,bbb_4051
4845,bbb_556
3927,bbb_4674
1928,bbb_2785
1093,bbb_2025
7089,bbb_7733
926,bbb_1863
4937,bbb_5649
4404,bbb_5141
5795,bbb_647
1682,bbb_2560
3500,bbb_4252
1759,bbb_2630
6028,bbb_6699
3272,bbb_4043
3501,bbb_4253
446,bbb_141
5774,bbb_645
4990,bbb_5701
4422,bbb_5157
2390,bbb_3226
4604,bbb_5333
279,bbb_1259
902,bbb_1841
1362,bbb_2272
4424,bbb_5159
4685,bbb_5406
3231,bbb_4006
4674,bbb_5397
3312,bbb_4079
4127,bbb_4874
1551,bbb_2441
558,bbb_1520
7194,bbb_80
5557,bbb_62
5236,bbb_5936
4670,bbb_539
2208,bbb_3047
1413,bbb_2318
7112,bbb_7754
2181,bbb_302
3902,bbb_4647
1740,bbb_2613
4676,bbb_5399
5161,bbb_5865
1487,bbb_2384
1327,bbb_2240
6551,bbb_7197
6138,bbb_6801
1801,bbb_2668
1380,bbb_2288
4913,bbb_5627
257,bbb_1238
73,bbb_1067
6515,bbb_7161
5066,bbb_5774
59,bbb_105
738,bbb_1692
771,bbb_1722
4585,bbb_5314
4769,bbb_5488
4309,bbb_505
5274,bbb_5970
1930,bbb_2787
6761,bbb_7423
6683,bbb_73
4985,bbb_5696
5074,bbb_5782
811,bbb_1757
3135,bbb_3920
4776,bbb_5495
2215,bbb_305
2364,bbb_3203
4745,bbb_5464
6938,bbb_7592
7375,bbb_969
4472,bbb_5205
880,bbb_1822
6795,bbb_7454
5565,bbb_6248
5063,bbb_5772
3118,bbb_3904
6960,bbb_7612
1757,bbb_2628
2172,bbb_3014
948,bbb_1884
1030,bbb_1961
4865,bbb_5582
4812,bbb_5532
3225,bbb_4001
1703,bbb_2579
1178,bbb_2103
1549,bbb_24
4687,bbb_5408
7286,bbb_889
5293,bbb_5990
5714,bbb_6
281,bbb_1261
1179,bbb_210
6114,bbb_6778
2827,bbb_36
4912,bbb_5626
572,bbb_153
6994,bbb_7642
4723,bbb_5441
6244,bbb_690
5089,bbb_5797
1337,bbb_2249
1039,bbb_1969
698,bbb_1649
2269,bbb_3108
1976,bbb_2829
5024,bbb_5735
6334,bbb_6988
3049,bbb_3842
3646,bbb_4
1286,bbb_220
7142,bbb_7782
414,bbb_1384
7003,bbb_7650
7360,bbb_955
271,bbb_1250
5,bbb_1005
4534,bbb_5263
2344,bbb_318
6011,bbb_668
5683,bbb_6371
1029,bbb_1960
5176,bbb_5879
4489,bbb_5222
5278,bbb_597
4372,bbb_5113
2289,bbb_313
722,bbb_1673
4384,bbb_512
6106,bbb_6771
7326,bbb_925
1747,bbb_2619
4496,bbb_5228
4560,bbb_5289
4126,bbb_487
4664,bbb_5388
6993,bbb_7641
202,bbb_1186
1086,bbb_2019
4692,bbb_5413
2777,bbb_3594
2852,bbb_3662
7250,bbb_855
7149,bbb_7789
1394,bbb_2301
7022,bbb_7668
5284,bbb_5982
6068,bbb_6736
5117,bbb_582
2281,bbb_312
7030,bbb_7675
4858,bbb_5575
4933,bbb_5645
6877,bbb_753
5309,bbb_6004
7291,bbb_89
3245,bbb_4019
4878,bbb_559
2556,bbb_3378
4357,bbb_5099
49,bbb_1044
251,bbb_1233
2859,bbb_3669
5095,bbb_5803
970,bbb_1906
5157,bbb_5861
6063,bbb_6732
1430,bbb_233
5139,bbb_5844
4888,bbb_5603
7139,bbb_7779
6195,bbb_6856
3934,bbb_4681
4613,bbb_5340
2533,bbb_3357
5444,bbb_613
57,bbb_1052
3936,bbb_468
2726,bbb_3545
3592,bbb_43
3659,bbb_441
1268,bbb_2187
3111,bbb_3898
2221,bbb_3059
5142,bbb_5847
1167,bbb_2093
3284,bbb_405
70,bbb_1064
7091,bbb_7734
3513,bbb_426
2442,bbb_3275
3092,bbb_3881
4145,bbb_489
747,bbb_1700
7018,bbb_7664
4873,bbb_5589
1354,bbb_2264
6631,bbb_7284
7132,bbb_7773
3421,bbb_4180
2702,bbb_3524
2716,bbb_3537
7285,bbb_888
2432,bbb_3265
801,bbb_1748
513,bbb_1477
912,bbb_1850
2957,bbb_3758
136,bbb_1127
3063,bbb_3854
2964,bbb_3764
745,bbb_1698
1061,bbb_1991
3042,bbb_3835
4353,bbb_5095
1341,bbb_2253
4363,bbb_5104
3509,bbb_4260
1763,bbb_2634
6842,bbb_7501
4388,bbb_5127
3044,bbb_3838
4447,bbb_5182
5832,bbb_6515
5852,bbb_653
560,bbb_1522
1372,bbb_2281
3314,bbb_4081
1517,bbb_2411
1732,bbb_2605
5754,bbb_6436
6341,bbb_6995
5240,bbb_59
5059,bbb_5768
457,bbb_142
4537,bbb_5265
4501,bbb_5233
2192,bbb_303
6233,bbb_689
1564,bbb_2453
5778,bbb_6457
2578,bbb_3407
6171,bbb_683
1796,bbb_266
2729,bbb_3548
4755,bbb_5474
252,bbb_123
1843,bbb_2707
2304,bbb_3146
6925,bbb_7579
3107,bbb_3894
5034,bbb_5744
7335,bbb_93
4954,bbb_5665
4984,bbb_5695
4080,bbb_4825
2606,bbb_343
2532,bbb_3356
478,bbb_144
1625,bbb_2508
1883,bbb_274
3131,bbb_3916
5174,bbb_5877
2298,bbb_3141
1426,bbb_2330
2885,bbb_3693
2311,bbb_3153
2268,bbb_3107
2011,bbb_2860
6081,bbb_6747
1241,bbb_2162
4238,bbb_4985
5442,bbb_6132
1416,bbb_2321
5067,bbb_5775
1091,bbb_202
1521,bbb_2414
4513,bbb_524
6464,bbb_7112
3846,bbb_4596
3039,bbb_3833
1511,bbb_2405
897,bbb_1837
2864,bbb_367
489,bbb_145
2188,bbb_3030
6812,bbb_7470
667,bbb_1622
978,bbb_191
520,bbb_148
2685,bbb_3506
4831,bbb_5551
6754,bbb_7415
6454,bbb_7103
4960,bbb_5672
6166,bbb_6829
319,bbb_1297
3762,bbb_451
7014,bbb_7661
5229,bbb_5930
5212,bbb_5913
7332,bbb_931
5216,bbb_5916
5413,bbb_6104
4821,bbb_55
1718,bbb_2593
5213,bbb_591
5195,bbb_5897
4408,bbb_5144
4742,bbb_5461
3843,bbb_459
1287,bbb_2204
4653,bbb_5378
6756,bbb_7417
1470,bbb_2369
4551,bbb_5278
5032,bbb_5742
5803,bbb_6481
697,bbb_1648
6941,bbb_7594
7144,bbb_7784
7179,bbb_790
7386,bbb_981
1520,bbb_241
4759,bbb_5478
851,bbb_1795
5617,bbb_6304
4369,bbb_5110
3763,bbb_4514
3905,bbb_4650
4366,bbb_5107
1092,bbb_2024
3598,bbb_4345
4390,bbb_5129
4743,bbb_5463
1446,bbb_2347
7390,bbb_984
2952,bbb_375
2047,bbb_289
7396,bbb_990
7207,bbb_815
7380,bbb_974
7216,bbb_82
1278,bbb_2196
1544,bbb_2435
6545,bbb_7191
3403,bbb_416
1669,bbb_2548
4681,bbb_5403
291,bbb_1271
1071,bbb_2000
1472,bbb_2371
643,bbb_1599
810,bbb_1756
4969,bbb_5680
6762,bbb_742
6152,bbb_6816
3703,bbb_4456
4667,bbb_5391
6056,bbb_6725
4764,bbb_548
6295,bbb_6952
1685,bbb_2563
7367,bbb_962
4124,bbb_4872
5805,bbb_6485
7384,bbb_979
6226,bbb_6887
3653,bbb_4407
1137,bbb_2064
2807,bbb_3622
920,bbb_1857
80,bbb_107
5729,bbb_6413
1316,bbb_2231
3938,bbb_4685
4259,bbb_5005
7296,bbb_898
3337,bbb_4102
7169,bbb_7807
3077,bbb_3867
7155,bbb_7794
6492,bbb_7139
348,bbb_1324
6625,bbb_7279
2207,bbb_3046
2178,bbb_3020
3325,bbb_4091
1239,bbb_2160
7178,bbb_789
350,bbb_1326
856,bbb_1800
1251,bbb_2172
5163,bbb_5867
5394,bbb_6084
1593,bbb_2479
1359,bbb_2269
6718,bbb_7373
4365,bbb_5106
3335,bbb_4100
325,bbb_1303
6141,bbb_680
6995,bbb_7643
7174,bbb_784
1892,bbb_2752
7105,bbb_7748
4504,bbb_5235
280,bbb_1260
64,bbb_1058
1612,bbb_2496
3289,bbb_4058
2246,bbb_3085
6447,bbb_7096
6339,bbb_699
4944,bbb_5655
1584,bbb_2471
6618,bbb_7270
2835,bbb_3646
6779,bbb_74
4427,bbb_5163
290,bbb_1270
7150,bbb_7790
287,bbb_1267
3201,bbb_3979
7034,bbb_7680
94,bbb_1088
1538,bbb_2430
3106,bbb_389
35,bbb_1033
3113,bbb_3900
2166,bbb_3009
1837,bbb_2702
2105,bbb_2945
2474,bbb_3304
3119,bbb_3905
1966,bbb_2820
2430,bbb_326
3315,bbb_4082
6020,bbb_6692
6022,bbb_669
994,bbb_1928
5168,bbb_5872
5225,bbb_5926
7109,bbb_7752
1694,bbb_2571
3322,bbb_4088
6099,bbb_6764
3874,bbb_4622
2040,bbb_2887
4597,bbb_5326
3350,bbb_411
1715,bbb_2590
4920,bbb_563
5789,bbb_6467
7252,bbb_857
3404,bbb_4164
1448,bbb_2349
743,bbb_1696
2713,bbb_3534
6583,bbb_7238
4915,bbb_5629
7040,bbb_7685
2086,bbb_2929
3270,bbb_4041
3193,bbb_3972
1503,bbb_2399
4281,bbb_5025
5114,bbb_5821
2027,bbb_2875
374,bbb_1347
4498,bbb_5230
6462,bbb_7110
768,bbb_1719
5780,bbb_6459
4381,bbb_5121
1542,bbb_243
692,bbb_164
4868,bbb_5584
1947,bbb_2803
1723,bbb_2597
5719,bbb_640
860,bbb_180
704,bbb_1654
5381,bbb_6073
4484,bbb_5217
4612,bbb_53
5084,bbb_5793
7340,bbb_938
3323,bbb_4089
3182,bbb_3962
7019,bbb_7665
3307,bbb_4074
5247,bbb_5945
3110,bbb_3897
737,bbb_1691
5143,bbb_5848
4518,bbb_5248
4378,bbb_5118
7385,bbb_980
4386,bbb_5125
680,bbb_163
6054,bbb_672
4367,bbb_5108
882,bbb_182
790,bbb_1739
7165,bbb_780
2118,bbb_2957
813,bbb_1759
6558,bbb_7206
1064,bbb_199
2776,bbb_359
4794,bbb_5515
6394,bbb_704
4978,bbb_5689
5270,bbb_5966
1653,bbb_2534
1250,bbb_2171
4400,bbb_5138
4478,bbb_5211
5527,bbb_6212
3230,bbb_4005
7404,bbb_997
5814,bbb_6495
5134,bbb_5840
1722,bbb_2596
3345,bbb_4109
3573,bbb_4320
4981,bbb_5692
230,bbb_121
6417,bbb_7064
2694,bbb_3514
1611,bbb_2495
5053,bbb_5763
505,bbb_1470
4099,bbb_4848
2140,bbb_298
1378,bbb_2286
4791,bbb_5513
4325,bbb_5068
6918,bbb_7571
4928,bbb_5640
2534,bbb_3358
4777,bbb_5496
4577,bbb_5307
1834,bbb_2699
2018,bbb_2867
138,bbb_1129
2653,bbb_3477
1419,bbb_232
1291,bbb_2208
3127,bbb_3913
2674,bbb_3496
3242,bbb_4016
1492,bbb_2389
4934,bbb_5646
6579,bbb_723
6030,bbb_6701
3823,bbb_4575
105,bbb_1098
4975,bbb_5686
5040,bbb_5750
5162,bbb_5866
3960,bbb_4706
5701,bbb_6388
1915,bbb_277
725,bbb_1675
2131,bbb_2973
216,bbb_1201
1277,bbb_2195
2255,bbb_309
1467,bbb_2366
875,bbb_1817
3860,bbb_4609
4682,bbb_540
120,bbb_1112
3158,bbb_3940
1237,bbb_2158
5110,bbb_5817
36,bbb_103
397,bbb_1369
1044,bbb_197
7342,bbb_9
705,bbb_1655
5000,bbb_5711
613,bbb_1570
1531,bbb_242
2334,bbb_317
7147,bbb_7787
1437,bbb_23
537,bbb_1500
98,bbb_1092
622,bbb_1578
7319,bbb_919
2826,bbb_3639
2333,bbb_3173
1260,bbb_2180
5199,bbb_5901
431,bbb_1
4830,bbb_5550
1841,bbb_2705
5100,bbb_5808
3031,bbb_3825
2481,bbb_3311
4600,bbb_5329
302,bbb_1282
3721,bbb_447
3050,bbb_3843
540,bbb_1503
735,bbb_1689
2367,bbb_3205
6321,bbb_6975
2495,bbb_332
5090,bbb_5798
2094,bbb_2936
424,bbb_139
4584,bbb_531
2415,bbb_3248
895,bbb_1835
2602,bbb_3430
4938,bbb_5650
769,bbb_1720
1353,bbb_226
3004,bbb_3801
5880,bbb_6559
4771,bbb_5490
3189,bbb_3968
6375,bbb_7026
1258,bbb_2178
4558,bbb_5287
3648,bbb_4401
7318,bbb_918
7208,bbb_816
3574,bbb_4321
3303,bbb_4071
1407,bbb_2313
4815,bbb_5534
3098,bbb_3886
669,bbb_162
741,bbb_1694
2179,bbb_3021
2744,bbb_356
1599,bbb_2484
683,bbb_1636
7348,bbb_944
597,bbb_1555
6136,bbb_6799
2573,bbb_3401
344,bbb_1321
7000,bbb_7647
724,bbb_1674
5165,bbb_5869
6459,bbb_7107
2863,bbb_3673
5094,bbb_5802
5104,bbb_5812
43,bbb_10
4852,bbb_5570
4867,bbb_558
305,bbb_1284
4345,bbb_5087
3316,bbb_4083
7079,bbb_772
1101,bbb_2033
4614,bbb_5341
6329,bbb_698
2400,bbb_3235
6649,bbb_7304
5097,bbb_5805
3884,bbb_4631
3334,bbb_4099
1922,bbb_2780
7184,bbb_794
4712,bbb_5432
3007,bbb_380
6975,bbb_7625
1425,bbb_2329
1261,bbb_2181
1453,bbb_235
5083,bbb_5791
1014,bbb_1946
3249,bbb_4023
4730,bbb_5447
2603,bbb_3431
3090,bbb_3879
3190,bbb_3969
5577,bbb_6260
6457,bbb_7105
2412,bbb_3245
4549,bbb_5276
6676,bbb_733
516,bbb_1480
2985,bbb_378
6704,bbb_7358
5781,bbb_6460
3010,bbb_3806
1664,bbb_254
3336,bbb_4101
573,bbb_1534
5878,bbb_6557
163,bbb_1151
1581,bbb_2468
89,bbb_108
1972,bbb_2825
6708,bbb_7363
1488,bbb_2385
7186,bbb_796
3436,bbb_419
335,bbb_1312
992,bbb_1926
4883,bbb_5598
3581,bbb_4328
1387,bbb_2294
5033,bbb_5743
4224,bbb_4973
7116,bbb_7758
4317,bbb_5061
3124,bbb_3910
2194,bbb_3035
7201,bbb_810
6720,bbb_7374
5211,bbb_5912
6926,bbb_7580
648,bbb_160
1338,bbb_2250
3133,bbb_3918
3683,bbb_4437
48,bbb_104
3171,bbb_3952
2718,bbb_3539
4927,bbb_56
4907,bbb_5621
6943,bbb_7596
5238,bbb_5938
6802,bbb_7461
551,bbb_151
3157,bbb_39
2989,bbb_3787
3146,bbb_3930
1390,bbb_2297
5058,bbb_5767
1701,bbb_2577
5354,bbb_6046
1397,bbb_230
4451,bbb_5185
273,bbb_1253
4622,bbb_5348
5299,bbb_5995
4506,bbb_5237
1170,bbb_2095
3719,bbb_4472
6884,bbb_75
6266,bbb_6924
5205,bbb_5906
2201,bbb_3041
4779,bbb_5498
485,bbb_1450
3116,bbb_3903
3865,bbb_461
2267,bbb_3106
5397,bbb_6087
1646,bbb_2527
1374,bbb_2283
2820,bbb_363
6862,bbb_7519
4473,bbb_5206
5148,bbb_5853
5141,bbb_5846
7135,bbb_7775
5822,bbb_6506
7309,bbb_910
2785,bbb_3602
4635,bbb_5362
7141,bbb_7781
5570,bbb_625
4655,bbb_5380
1244,bbb_2164
3396,bbb_4156
924,bbb_1861
7240,bbb_846
6660,bbb_7316
278,bbb_1258
1497,bbb_239
6463,bbb_7111
3697,bbb_4450
3254,bbb_4027
1583,bbb_2470
6434,bbb_7083
5012,bbb_572
5836,bbb_6519
6848,bbb_7506
3109,bbb_3896
4199,bbb_4947
953,bbb_1889
1652,bbb_253
1280,bbb_2198
4225,bbb_497
727,bbb_1677
4173,bbb_492
5096,bbb_5804
2353,bbb_3193
760,bbb_1712
3544,bbb_4292
4686,bbb_5407
1195,bbb_2119
2168,bbb_3011
5830,bbb_651
3627,bbb_4383
4230,bbb_4978
5042,bbb_5752
6469,bbb_7117
5595,bbb_6278
5250,bbb_5948
2911,bbb_3716
4500,bbb_5232
2559,bbb_3381
7324,bbb_92
4778,bbb_5497
744,bbb_1697
6940,bbb_759
5336,bbb_6031
979,bbb_1914
2736,bbb_3556
317,bbb_1295
1670,bbb_2549
7121,bbb_7763
5406,bbb_6095
6593,bbb_7247
6749,bbb_7410
923,bbb_1860
1982,bbb_2834
3883,bbb_4630
1577,bbb_2464
5187,bbb_5890
5960,bbb_6636
6962,bbb_761
6991,bbb_76
6810,bbb_7468
1114,bbb_204
1310,bbb_2225
4566,bbb_5297
3319,bbb_4085
161,bbb_1149
7298,bbb_900
6192,bbb_685
2655,bbb_3479
4542,bbb_5270
7397,bbb_991
1068,bbb_1997
6096,bbb_6762
3478,bbb_4232
541,bbb_150
272,bbb_1252
1266,bbb_2185
3341,bbb_4105
5015,bbb_5726
4582,bbb_5312
1724,bbb_2598
694,bbb_1645
793,bbb_1741
27,bbb_1025
4064,bbb_4806
7343,bbb_940
7081,bbb_7725
2433,bbb_3266
3175,bbb_3955
5028,bbb_5739
266,bbb_1245
3605,bbb_435
4507,bbb_5238
1049,bbb_1978
176,bbb_1163
6701,bbb_7355
2278,bbb_3120
3320,bbb_4086
2072,bbb_2916
6065,bbb_673
2650,bbb_3473
7236,bbb_843
2798,bbb_361
326,bbb_130
3262,bbb_4034
3635,bbb_4390
631,bbb_1587
3203,bbb_3981
4006,bbb_4751
5770,bbb_6450
1462,bbb_2362
6983,bbb_7633
4399,bbb_5137
639,bbb_1595
5744,bbb_6426
4986,bbb_5697
633,bbb_1590
4972,bbb_5683
3449,bbb_4205
3227,bbb_4003
4680,bbb_5402
6304,bbb_6960
1439,bbb_2341
1649,bbb_2531
6792,bbb_7452
6505,bbb_7152
671,bbb_1625
17,bbb_1016
3260,bbb_4033
1885,bbb_2745
6535,bbb_7181
3180,bbb_3960
93,bbb_1087
509,bbb_147
1534,bbb_2426
4611,bbb_5339
2048,bbb_2894
2314,bbb_3155
783,bbb_1733
3388,bbb_4149
6592,bbb_7246
3037,bbb_3831
1896,bbb_2756
1365,bbb_2274
5932,bbb_6611
6742,bbb_740
645,bbb_1601
6857,bbb_7514
3313,bbb_4080
4406,bbb_5143
4874,bbb_5590
1560,bbb_2449
4926,bbb_5639
4546,bbb_527
1238,bbb_2159
5123,bbb_5829
4065,bbb_4807
2611,bbb_3438
5384,bbb_6075
6031,bbb_6702
7077,bbb_7722
6851,bbb_7509
6846,bbb_7504
328,bbb_1305
943,bbb_1879
5035,bbb_5745
6758,bbb_7420
7053,bbb_7697
723,bbb_167
1519,bbb_2413
1609,bbb_249
4550,bbb_5277
2960,bbb_3761
3169,bbb_3950
5479,bbb_6164
6156,bbb_6820
4678,bbb_5400
1717,bbb_2592
7190,bbb_800
7389,bbb_98
1385,bbb_2293
6274,bbb_693
4840,bbb_5559
4810,bbb_5530
4311,bbb_5055
1729,bbb_2603
2942,bbb_3744
1568,bbb_2456
6986,bbb_7635
4690,bbb_5411
7119,bbb_7761
2263,bbb_3102
4299,bbb_504
81,bbb_1075
2719,bbb_35
5282,bbb_5980
5109,bbb_5816
1131,bbb_2059
3056,bbb_3848
2762,bbb_3580
4958,bbb_5670
5119,bbb_5825
7002,bbb_7649
1481,bbb_2379
646,bbb_1602
3104,bbb_3892
5403,bbb_6093
1465,bbb_2364
288,bbb_1268
3298,bbb_4066
4587,bbb_5316
1746,bbb_2618
5663,bbb_6352
5828,bbb_6512
3088,bbb_3877
4020,bbb_476
4526,bbb_5255
4383,bbb_5123
3965,bbb_4711
7210,bbb_818
7243,bbb_849
1081,bbb_201
459,bbb_1425
1989,bbb_2840
6203,bbb_6864
1579,bbb_2466
5051,bbb_5761
7118,bbb_7760
72,bbb_1066
5173,bbb_5876
833,bbb_1777
976,bbb_1912
4435,bbb_5170
6089,bbb_6755
1095,bbb_2027
435,bbb_140
2872,bbb_3681
4402,bbb_51
4974,bbb_5684
506,bbb_1471
5817,bbb_6498
2424,bbb_3256
2784,bbb_3601
6144,bbb_6806
6378,bbb_7029
6436,bbb_7084
2287,bbb_3132
1533,bbb_2425
4528,bbb_5257
3324,bbb_4090
4553,bbb_5282
3172,bbb_3953
5361,bbb_605
4617,bbb_534
7187,bbb_797
3173,bbb_395
5968,bbb_664
1451,bbb_2352
6781,bbb_7442
5580,bbb_626
5133,bbb_58
5886,bbb_6564
5230,bbb_5931
160,bbb_1148
6124,bbb_6788
1925,bbb_2783
5002,bbb_5713
3288,bbb_4057
2721,bbb_3541
6086,bbb_6752
6865,bbb_7522
1376,bbb_2284
5684,bbb_6372
954,bbb_1890
1932,bbb_2789
16,bbb_1015
2,bbb_1002
330,bbb_1307
6461,bbb_7109
3126,bbb_3912
5077,bbb_5784
1478,bbb_2376
5346,bbb_60
3932,bbb_4679
3998,bbb_4742
5398,bbb_6088
4538,bbb_5266
6180,bbb_6843
6207,bbb_6869
3084,bbb_387
4780,bbb_5499
5480,bbb_6165
3855,bbb_4604
1559,bbb_2448
2693,bbb_351
7395,bbb_989
4987,bbb_5698
3155,bbb_3938
6744,bbb_7405
4586,bbb_5315
809,bbb_1755
6132,bbb_6795
3761,bbb_4513
5159,bbb_5863
1958,bbb_2813
602,bbb_1560
1482,bbb_2380
1075,bbb_2004
4618,bbb_5344
6716,bbb_7370
5055,bbb_5764
18,bbb_1017
5581,bbb_6264
5178,bbb_5881
2576,bbb_3405
5986,bbb_6660
7068,bbb_7712
3601,bbb_4350
4599,bbb_5328
5019,bbb_5730
6388,bbb_7038
4217,bbb_4965
4321,bbb_5064
31,bbb_1029
5963,bbb_66
6563,bbb_721
3393,bbb_415
1695,bbb_2572
3134,bbb_3919
7166,bbb_7804
928,bbb_1864
34,bbb_1032
1234,bbb_2155
5150,bbb_5854
5461,bbb_6148
1112,bbb_2042
3102,bbb_3890
758,bbb_1710
7205,bbb_81
7229,bbb_836
4375,bbb_5115
1367,bbb_2276
154,bbb_1143
5202,bbb_590
6841,bbb_7500
2725,bbb_3544
2811,bbb_3625
5672,bbb_6360
3580,bbb_4326
102,bbb_1095
1420,bbb_2324
3137,bbb_3922
1505,bbb_2400
588,bbb_1547
4898,bbb_5613
2404,bbb_3239
1381,bbb_2289
6477,bbb_7124
5846,bbb_6528
5786,bbb_6464
623,bbb_1579
3491,bbb_424
2531,bbb_3355
6340,bbb_6994
2133,bbb_2974
2803,bbb_3618
2405,bbb_32
4750,bbb_5470
4795,bbb_5516
37,bbb_1034
1253,bbb_217
6384,bbb_7034
1905,bbb_2764
7195,bbb_804
604,bbb_1562
5244,bbb_5943
4279,bbb_502
2411,bbb_3244
5483,bbb_6168
2886,bbb_369
4358,bbb_5100
4411,bbb_5147
4441,bbb_5176
5146,bbb_5851
7308,bbb_909
3668,bbb_442
3177,bbb_3957
7306,bbb_907
6595,bbb_7249
4804,bbb_5524
2768,bbb_3586
3723,bbb_4475
1748,bbb_2620
4533,bbb_5262
559,bbb_1521
5944,bbb_6622
6167,bbb_6830
1508,bbb_2403
6127,bbb_6791
7153,bbb_7793
1502,bbb_2398
7160,bbb_7799
2193,bbb_3034
6640,bbb_729
647,bbb_1603
4749,bbb_5469
2936,bbb_37
5454,bbb_6142
315,bbb_129
6356,bbb_7009
4753,bbb_5473
5132,bbb_5839
1190,bbb_211
282,bbb_1262
803,bbb_1750
1150,bbb_2076
1471,bbb_2370
491,bbb_1455
5578,bbb_6261
3255,bbb_4028
4389,bbb_5128
4161,bbb_4913
5273,bbb_5969
6977,bbb_7627
2132,bbb_297
4923,bbb_5636
3187,bbb_3966
761,bbb_1713
3140,bbb_3924
7387,bbb_982
2518,bbb_334
2927,bbb_3731
5233,bbb_593
1691,bbb_2568
203,bbb_1187
530,bbb_149
2462,bbb_329
5768,bbb_6448
685,bbb_1638
6379,bbb_7030
1501,bbb_2397
2683,bbb_3504
484,bbb_1449
247,bbb_1229
5696,bbb_638
3626,bbb_4382
5677,bbb_6365
4380,bbb_5120
3232,bbb_4007
371,bbb_1344
6336,bbb_6990
1339,bbb_2251
2320,bbb_3161
3782,bbb_4538
11,bbb_1011
1033,bbb_196
239,bbb_1222
7110,bbb_7753
7035,bbb_7681
6927,bbb_7581
3117,bbb_390
849,bbb_1793
3988,bbb_4733
3259,bbb_4032
6664,bbb_7321
4640,bbb_5366
617,bbb_157
3999,bbb_474
4479,bbb_5212
1684,bbb_2562
5184,bbb_5886
1263,bbb_2183
609,bbb_1566
3819,bbb_4572
687,bbb_16
56,bbb_1051
2972,bbb_3772
5799,bbb_6477
4361,bbb_5103
5246,bbb_5944
3253,bbb_4026
812,bbb_1758
2684,bbb_3505
1899,bbb_2759
3796,bbb_4550
1007,bbb_19
2782,bbb_3599
1720,bbb_2594
6538,bbb_718
7082,bbb_7726
1676,bbb_2554
6799,bbb_7458
2389,bbb_3225
1333,bbb_2245
3285,bbb_4054
922,bbb_1859
3083,bbb_3873
2165,bbb_3008
3844,bbb_4594
1120,bbb_2049
7221,bbb_828
1641,bbb_2523
7321,bbb_921
6953,bbb_7605
6293,bbb_6950
169,bbb_1156
264,bbb_124
6916,bbb_7569
1595,bbb_2481
6921,bbb_7575
2941,bbb_374
4333,bbb_5075
6256,bbb_6914
1343,bbb_2254
1298,bbb_2214
1571,bbb_2459
581,bbb_1541
1485,bbb_2383
3562,bbb_4309
7202,bbb_811
1839,bbb_270
1948,bbb_280
6957,bbb_7609
7246,bbb_852
112,bbb_1104
2427,bbb_3261
3045,bbb_3839
5424,bbb_6115
2976,bbb_3775
6261,bbb_6919
2834,bbb_3645
4111,bbb_4859
4432,bbb_5167
4695,bbb_5415
3800,bbb_455
3224,bbb_4000
2988,bbb_3786
7177,bbb_788
2609,bbb_3436
2440,bbb_327
4547,bbb_5274
5108,bbb_5815
3047,bbb_3840
6288,bbb_6945
1586,bbb_2473
5489,bbb_617
2881,bbb_3689
2265,bbb_3104
7223,bbb_831
3610,bbb_4361
1138,bbb_2065
3539,bbb_4287
1688,bbb_2565
5014,bbb_5725
675,bbb_1629
1357,bbb_2267
2127,bbb_2965
1129,bbb_2057
1402,bbb_2308
6403,bbb_7052
820,bbb_1765
1218,bbb_2141
1849,bbb_271
5407,bbb_6096
5169,bbb_5873
1371,bbb_2280
1090,bbb_2023
7242,bbb_848
2315,bbb_3156
432,bbb_1400
167,bbb_1154
5550,bbb_623
2516,bbb_3342
1557,bbb_2446
3248,bbb_4022
3081,bbb_3871
1967,bbb_2821
6544,bbb_7189
684,bbb_1637
2550,bbb_3373
7206,bbb_814
6157,bbb_6821
1512,bbb_2406
6613,bbb_7265
1829,bbb_2694
6383,bbb_703
2329,bbb_3169
4519,bbb_5249
3519,bbb_4269
3208,bbb_3985
1418,bbb_2323
4929,bbb_5641
867,bbb_1810
7146,bbb_7786
3164,bbb_3945
2855,bbb_3665
3814,bbb_4567
4593,bbb_5323
1404,bbb_2310
4598,bbb_5327
566,bbb_1528
5065,bbb_577
5540,bbb_6224
3821,bbb_457
5106,bbb_581
1721,bbb_2595
7043,bbb_7688
3132,bbb_3917
4822,bbb_5540
4813,bbb_5533
4716,bbb_5435
5771,bbb_6451
4320,bbb_506
6629,bbb_7283
1500,bbb_2396
4531,bbb_5260
2504,bbb_3332
3943,bbb_4690
5459,bbb_6146
7315,bbb_915
95,bbb_1089
3059,bbb_3851
5038,bbb_5748
3583,bbb_4330
6671,bbb_7328
150,bbb_11
4818,bbb_5537
3246,bbb_4020
1704,bbb_2580
2248,bbb_3087
5602,bbb_6284
4448,bbb_5183
5351,bbb_604
6036,bbb_6706
4788,bbb_5506
2945,bbb_3747
6075,bbb_6742
5008,bbb_5720
3087,bbb_3876
4290,bbb_503
3006,bbb_3803
7266,bbb_870
5845,bbb_6527
456,bbb_1423
6903,bbb_7556
7304,bbb_905
5313,bbb_6010
5685,bbb_6373
3,bbb_1003
40,bbb_1037
42,bbb_1039
5206,bbb_5907
7354,bbb_950
4517,bbb_5247
2501,bbb_3329
4396,bbb_5134
702,bbb_1653
6502,bbb_7148
2321,bbb_3162
4893,bbb_5607
5242,bbb_5941
7010,bbb_7657
4836,bbb_5555
1878,bbb_27
3805,bbb_4558
4512,bbb_5243
6954,bbb_7606
5345,bbb_6039
4295,bbb_50
1616,bbb_2500
6017,bbb_6689
4359,bbb_5101
1331,bbb_224
5044,bbb_5754
5934,bbb_6613
2791,bbb_3607
5834,bbb_6517
5471,bbb_6157
3188,bbb_3967
5218,bbb_5918
1744,bbb_2616
6854,bbb_7512
7314,bbb_914
7021,bbb_7667
6500,bbb_7146
6318,bbb_6973
3204,bbb_3982
1166,bbb_2092
2309,bbb_3151
7211,bbb_819
448,bbb_1415
1284,bbb_2202
921,bbb_1858
2874,bbb_3683
3192,bbb_3971
7365,bbb_960
6836,bbb_749
3071,bbb_3862
2069,bbb_291
7316,bbb_916
6951,bbb_760
115,bbb_1107
3029,bbb_382
3252,bbb_4025
2535,bbb_3359
6924,bbb_7578
2180,bbb_3022
5569,bbb_6253
2261,bbb_3100
507,bbb_1472
3690,bbb_444
3046,bbb_38
5020,bbb_5731
3822,bbb_4574
4935,bbb_5647
1476,bbb_2374
5027,bbb_5738
7276,bbb_880
4671,bbb_5394
4477,bbb_5210
3412,bbb_4172
3229,bbb_4004
6082,bbb_6748
2237,bbb_3076
5164,bbb_5868
3216,bbb_3993
4672,bbb_5395
1249,bbb_2170
7193,bbb_803
4387,bbb_5126
3297,bbb_4065
817,bbb_1763
956,bbb_1892
421,bbb_1391
3159,bbb_3941
2459,bbb_3291
2337,bbb_3176
4247,bbb_499
2906,bbb_3712
3926,bbb_4672
3294,bbb_4063
818,bbb_176
2306,bbb_3148
3279,bbb_4049
6889,bbb_754
3115,bbb_3902
1622,bbb_2505
7087,bbb_7731
1738,bbb_2611
6105,bbb_6770
284,bbb_1264
711,bbb_1661
5497,bbb_618
3614,bbb_4369
6245,bbb_6904
4650,bbb_5375
7197,bbb_806
4245,bbb_4992
651,bbb_1606
4665,bbb_5389
2312,bbb_315
399,bbb_1371
6955,bbb_7607
6675,bbb_7333
3300,bbb_4068
2817,bbb_3631
5907,bbb_6588
2748,bbb_3567
7016,bbb_7663
4312,bbb_5056
4648,bbb_537
1736,bbb_2609
2410,bbb_324
3123,bbb_3909
5049,bbb_5759
1461,bbb_2361
6665,bbb_7322
4070,bbb_4813
6271,bbb_6931
137,bbb_1128
4469,bbb_5202
2705,bbb_3527
6531,bbb_7177
50,bbb_1045
6892,bbb_7546
1348,bbb_2259
2823,bbb_3636
1699,bbb_2575
3633,bbb_4388
1660,bbb_2540
750,bbb_1703
3615,bbb_4371
6498,bbb_7144
4394,bbb_5133
7167,bbb_7805
2453,bbb_3285
6871,bbb_7528
0,bbb_1000
1115,bbb_2044
3650,bbb_4404
6602,bbb_7255
2211,bbb_3050
286,bbb_1266
3178,bbb_3958
6697,bbb_7352
3418,bbb_4177
7391,bbb_985
1281,bbb_2199
210,bbb_119
3142,bbb_3926
4509,bbb_52
869,bbb_1812
7023,bbb_7669
3247,bbb_4021
4581,bbb_5311
2369,bbb_3207
5676,bbb_6364
1355,bbb_2265
3881,bbb_4628
7106,bbb_7749
826,bbb_1771
2354,bbb_319
3185,bbb_3964
3293,bbb_4062
4237,bbb_4984
1528,bbb_2421
4511,bbb_5242
5607,bbb_6289
477,bbb_1443
4123,bbb_4871
1304,bbb_2220
6585,bbb_72
4227,bbb_4975
589,bbb_1548
13,bbb_1013
4481,bbb_5214
3634,bbb_4389
7238,bbb_844
5071,bbb_5779
6387,bbb_7037
5477,bbb_6163
918,bbb_1855
641,bbb_1597
5046,bbb_5756
4514,bbb_5244
576,bbb_1537
3093,bbb_3882
5078,bbb_5785
4503,bbb_5234
2361,bbb_3200
4117,bbb_4865
587,bbb_1546
5001,bbb_5712
2423,bbb_3255
219,bbb_120
4733,bbb_5450
4410,bbb_5146
6574,bbb_722
6486,bbb_713
3036,bbb_3830
1113,bbb_2043
3565,bbb_4312
2742,bbb_3562
4843,bbb_5562
759,bbb_1711
4578,bbb_5308
6087,bbb_6753
262,bbb_1242
2585,bbb_3414
2920,bbb_3724
6719,bbb_737
991,bbb_1925
3154,bbb_3937
6283,bbb_6941
2439,bbb_3273
6247,bbb_6906
4950,bbb_5661
3089,bbb_3878
708,bbb_1658
1510,bbb_2404
1005,bbb_1938
5126,bbb_583
2690,bbb_3511
5674,bbb_6362
3887,bbb_4634
3442,bbb_4199
746,bbb_1699
6322,bbb_6976
3657,bbb_4412
2161,bbb_3004
1053,bbb_198
6450,bbb_7099
3183,bbb_3963
7054,bbb_7698
1540,bbb_2432
4327,bbb_5070
689,bbb_1641
3226,bbb_4002
3299,bbb_4067
6504,bbb_7150
1248,bbb_2168
806,bbb_1753
6566,bbb_7216
1737,bbb_2610
4370,bbb_5111
569,bbb_1531
1539,bbb_2431
5713,bbb_6399
6853,bbb_7511
6575,bbb_7224
3064,bbb_3855
5815,bbb_6496
6335,bbb_6989
752,bbb_1704
7099,bbb_7742
1527,bbb_2420
408,bbb_1379
1408,bbb_231
6044,bbb_671
610,bbb_1567
7328,bbb_927
6094,bbb_6760
6578,bbb_7233
3687,bbb_4441
2530,bbb_3354
6039,bbb_6709
7368,bbb_963
5102,bbb_5810
3318,bbb_4084
4338,bbb_5080
4921,bbb_5634
7406,bbb_999
3806,bbb_4559
1457,bbb_2357
7128,bbb_7769
3623,bbb_4379
789,bbb_1738
636,bbb_1593
6118,bbb_6783
659,bbb_1614
5511,bbb_6197
6374,bbb_7025
1035,bbb_1965
292,bbb_1272
6218,bbb_6879
3287,bbb_4056
883,bbb_1824
2039,bbb_2886
2331,bbb_3171
6129,bbb_6793
1274,bbb_2193
5857,bbb_6538
3353,bbb_4116
7373,bbb_967
5728,bbb_6412
797,bbb_1744
4379,bbb_5119
6315,bbb_6970
6193,bbb_6854
494,bbb_1460
7028,bbb_767
496,bbb_1462
3612,bbb_436
3332,bbb_4097
3186,bbb_3965
5633,bbb_6324
3798,bbb_4552
4906,bbb_5620
5929,bbb_6608
1309,bbb_2224
4443,bbb_5178
1575,bbb_2463
5990,bbb_6664
709,bbb_1659
6516,bbb_7162
6780,bbb_7441
6073,bbb_6740
624,bbb_1580
4436,bbb_5171
1578,bbb_2465
4580,bbb_5310
512,bbb_1476
7273,bbb_877
5841,bbb_652
942,bbb_1878
4492,bbb_5224
6910,bbb_756
1618,bbb_2502
2234,bbb_307
4760,bbb_5480
3269,bbb_4040
3065,bbb_3856
1708,bbb_258
582,bbb_1542
7213,bbb_821
5731,bbb_6414
2615,bbb_3441
3165,bbb_3946
3696,bbb_4449
6445,bbb_7094
767,bbb_1718
2909,bbb_3714
816,bbb_1762
4789,bbb_5507
3493,bbb_4245
1410,bbb_2315
6703,bbb_7357
4573,bbb_530
3590,bbb_4336
2586,bbb_3415
1306,bbb_2222
6466,bbb_7114
2484,bbb_331
1918,bbb_2776
2830,bbb_3642
3976,bbb_4722
4040,bbb_478
2660,bbb_348
2641,bbb_3464
5482,bbb_6167
2245,bbb_3084
666,bbb_1621
6601,bbb_7254
6616,bbb_7268
539,bbb_1502
1132,bbb_2060
7355,bbb_951
1675,bbb_255
3801,bbb_4554
3971,bbb_4716
5865,bbb_6544
6793,bbb_7453
6928,bbb_7582
5802,bbb_6480
2476,bbb_3306
2026,bbb_2874
6397,bbb_7046
7097,bbb_7740
33,bbb_1031
2802,bbb_3617
4772,bbb_5491
6936,bbb_7590
7189,bbb_799
380,bbb_1353
3829,bbb_4581
5073,bbb_5781
323,bbb_1301
7233,bbb_8
655,bbb_1611
6123,bbb_6787
4457,bbb_5191
1028,bbb_1959
930,bbb_1866
3737,bbb_4489
5662,bbb_6351
805,bbb_1752
1793,bbb_2661
4253,bbb_4999
1507,bbb_2402
6699,bbb_735
6333,bbb_6987
3328,bbb_409
4362,bbb_510
7148,bbb_7788
4576,bbb_5306
7127,bbb_7768
3068,bbb_3859
6382,bbb_7033
3027,bbb_3822
4630,bbb_5356
2224,bbb_306
7338,bbb_936
4190,bbb_4939
4596,bbb_5325
7064,bbb_7707
703,bbb_165
1156,bbb_2082
5499,bbb_6185
5197,bbb_5899
6700,bbb_7354
270,bbb_1249
3587,bbb_433
3241,bbb_4015
3429,bbb_4187
7283,bbb_886
3437,bbb_4194
4574,bbb_5304
3524,bbb_427
4125,bbb_4873
2706,bbb_3528
5092,bbb_5800
2982,bbb_3781
1163,bbb_2089
3340,bbb_4104
3688,bbb_4442
4214,bbb_4963
1655,bbb_2536
4077,bbb_4822
5791,bbb_6470
3765,bbb_4521
4495,bbb_5227
4583,bbb_5313
1778,bbb_2647
1098,bbb_2030
909,bbb_1847
4877,bbb_5593
327,bbb_1304
1711,bbb_2586
2387,bbb_322
388,bbb_1360
5076,bbb_578
159,bbb_1147
6078,bbb_6744
1537,bbb_2429
2099,bbb_2940
6713,bbb_7367
39,bbb_1036
1001,bbb_1934
3105,bbb_3893
4833,bbb_5553
3455,bbb_4211
4817,bbb_5536
3669,bbb_4424
3053,bbb_3845
6831,bbb_7489
564,bbb_1526
238,bbb_1221
4136,bbb_488
5630,bbb_6321
1636,bbb_2518
4184,bbb_493
6074,bbb_6741
1690,bbb_2567
1299,bbb_2215
5036,bbb_5746
6661,bbb_7318
3417,bbb_4176
2520,bbb_3345
1524,bbb_2417
7220,bbb_827
4673,bbb_5396
2355,bbb_3194
6221,bbb_6883
859,bbb_1803
5155,bbb_5859
5125,bbb_5832
1838,bbb_2703
4644,bbb_5370
3032,bbb_3826
2645,bbb_3468
1696,bbb_2573
7264,bbb_868
5509,bbb_6195
6239,bbb_6899
1289,bbb_2206
4607,bbb_5335
974,bbb_1910
394,bbb_1366
3536,bbb_4284
2669,bbb_3492
4861,bbb_5578
4028,bbb_4771
5794,bbb_6473
6689,bbb_7344
1002,bbb_1935
6303,bbb_6959
534,bbb_1497
429,bbb_1398
2614,bbb_3440
4636,bbb_5363
6874,bbb_7531
4579,bbb_5309
1473,bbb_2372
6598,bbb_7252
742,bbb_1695
6786,bbb_7446
248,bbb_1230
1662,bbb_2542
6632,bbb_7285
6269,bbb_6929
5860,bbb_6540
3854,bbb_460
5629,bbb_6319
5651,bbb_6341
6633,bbb_7286
5874,bbb_655
6064,bbb_6733
5093,bbb_5801
6522,bbb_7167
2391,bbb_3227
2913,bbb_3718
4752,bbb_5472
4615,bbb_5342
5742,bbb_6424
5785,bbb_646
6179,bbb_6842
3176,bbb_3956
3877,bbb_4624
649,bbb_1604
827,bbb_1772
3686,bbb_44
5127,bbb_5834
495,bbb_1461
1731,bbb_2604
5107,bbb_5814
4232,bbb_4980
5465,bbb_6152
6005,bbb_6678
1335,bbb_2247
788,bbb_1737
1100,bbb_2032
804,bbb_1751
6290,bbb_6947
2421,bbb_325
5339,bbb_603
3122,bbb_3908
2608,bbb_3435
5943,bbb_6621
6597,bbb_7251
5622,bbb_6309
2191,bbb_3033
986,bbb_1921
6808,bbb_7466
3277,bbb_4047
5105,bbb_5813
4057,bbb_4800
4009,bbb_475
346,bbb_1323
1094,bbb_2026
1169,bbb_2094
4294,bbb_5039
1587,bbb_247
1650,bbb_2532
6512,bbb_7158
4483,bbb_5216
3265,bbb_4037
2735,bbb_355
2757,bbb_3575
214,bbb_1197
3346,bbb_4110
5513,bbb_6199
1805,bbb_2672
1886,bbb_2746
5530,bbb_6215
7224,bbb_832
3078,bbb_3868
5488,bbb_6173
1194,bbb_2118
3839,bbb_4590
2781,bbb_3598
356,bbb_1332
911,bbb_1849
6418,bbb_7065
5504,bbb_6190
7377,bbb_971
5075,bbb_5783
1265,bbb_2184
4218,bbb_4966
967,bbb_1903
3711,bbb_4464
6121,bbb_6785
5144,bbb_5849
668,bbb_1623
4543,bbb_5271
5412,bbb_610
3608,bbb_4356
2899,bbb_3705
4413,bbb_5149
7263,bbb_867
3147,bbb_3931
3445,bbb_4202
5650,bbb_6340
987,bbb_1922
2451,bbb_328
5349,bbb_6042
437,bbb_1405
2707,bbb_3529
5831,bbb_6514
715,bbb_1664
7090,bbb_773
3619,bbb_4375
2562,bbb_338
5732,bbb_6415
3276,bbb_4046
314,bbb_1293
2473,bbb_330
5999,bbb_6673
7282,bbb_885
4715,bbb_5434
4242,bbb_4989
5709,bbb_6395
830,bbb_1774
7181,bbb_792
6970,bbb_7621
5069,bbb_5777
2692,bbb_3513
904,bbb_1843
5476,bbb_6162
4216,bbb_4964
6249,bbb_6908
1246,bbb_2166
887,bbb_1828
3446,bbb_4203
3401,bbb_4162
3405,bbb_4165
2918,bbb_3723
483,bbb_1448
781,bbb_1731
525,bbb_1489
5101,bbb_5809
3060,bbb_3852
7069,bbb_7713
1127,bbb_2055
2712,bbb_353
3889,bbb_4636
1623,bbb_2506
3308,bbb_4075
4235,bbb_4983
836,bbb_1780
1013,bbb_1945
3416,bbb_4175
552,bbb_1514
1054,bbb_1984
5121,bbb_5827
6143,bbb_6805
5765,bbb_6445
4782,bbb_5501
6552,bbb_7199
243,bbb_1225
3349,bbb_4113
6774,bbb_7434
6476,bbb_712
3040,bbb_383
1019,bbb_1951
6499,bbb_7145
2228,bbb_3068
3198,bbb_3976
3214,bbb_3991
1296,bbb_2213
4773,bbb_5492
4647,bbb_5373
381,bbb_135
4282,bbb_5026
5591,bbb_6274
958,bbb_1894
3163,bbb_3944
6666,bbb_732
1970,bbb_282
7096,bbb_77
1968,bbb_2822
7302,bbb_90
7289,bbb_892
2666,bbb_3489
1267,bbb_2186
3391,bbb_4152
3273,bbb_404
2959,bbb_3760
3099,bbb_3887
490,bbb_1454
3733,bbb_4485
4423,bbb_5158
4486,bbb_5219
543,bbb_1505
3048,bbb_3841
4487,bbb_5220
2479,bbb_3309
6605,bbb_7258
3220,bbb_3996
5399,bbb_6089
1104,bbb_2035
2368,bbb_3206
6200,bbb_6861
7137,bbb_7777
2282,bbb_3127
1276,bbb_2194
3174,bbb_3954
5364,bbb_6057
3541,bbb_4289
322,bbb_1300
6055,bbb_6724
1702,bbb_2578
4272,bbb_5017
2644,bbb_3467
4768,bbb_5487
5767,bbb_6447
5198,bbb_5900
6355,bbb_7008
2482,bbb_3312
3407,bbb_4167
452,bbb_1419
6727,bbb_7381
5866,bbb_6546
6471,bbb_7119
3742,bbb_449
1128,bbb_2056
405,bbb_1376
6958,bbb_7610
835,bbb_1779
4454,bbb_5188
3476,bbb_4230
3179,bbb_3959
54,bbb_1049
6133,bbb_6796
3399,bbb_4160
400,bbb_1372
2141,bbb_2986
6621,bbb_7274
834,bbb_1778
1009,bbb_1942
6658,bbb_7314
776,bbb_1726
5010,bbb_5722
4623,bbb_5349
3685,bbb_4439
1893,bbb_275
145,bbb_1135
1295,bbb_2212
2837,bbb_3648
1464,bbb_236
6013,bbb_6685
777,bbb_1727
1206,bbb_2129
2815,bbb_3629
7226,bbb_83
3136,bbb_3921
6472,bbb_7120
3928,bbb_4675
83,bbb_1077
1665,bbb_2544
6856,bbb_751
5536,bbb_6221
2463,bbb_3294
3333,bbb_4098
3103,bbb_3891
6508,bbb_7154
4669,bbb_5393
7104,bbb_7747
4497,bbb_5229
3629,bbb_4384
4679,bbb_5401
2114,bbb_295
6037,bbb_6707
5752,bbb_6434
3199,bbb_3977
579,bbb_15
4177,bbb_4927
5249,bbb_5947
1942,bbb_2798
2521,bbb_3346
1556,bbb_2445
4270,bbb_5015
815,bbb_1761
2409,bbb_3243
593,bbb_1552
1168,bbb_209
3426,bbb_4184
4047,bbb_4791
5872,bbb_6552
6297,bbb_695
6060,bbb_6729
4355,bbb_5097
5556,bbb_6239
5868,bbb_6548
1125,bbb_205
4562,bbb_5293
259,bbb_12
642,bbb_1598
3599,bbb_4346
2679,bbb_3501
4902,bbb_5616
1048,bbb_1977
555,bbb_1517
5328,bbb_602
2356,bbb_3195
5182,bbb_5884
212,bbb_1195
3219,bbb_3995
1852,bbb_2716
678,bbb_1632
4170,bbb_4921
6352,bbb_7005
3151,bbb_3934
6876,bbb_7533
644,bbb_1600
3237,bbb_4012
4079,bbb_482
3205,bbb_3983
3620,bbb_4376
6443,bbb_7091
5983,bbb_6657
6225,bbb_6886
4445,bbb_5180
373,bbb_1346
784,bbb_173
2866,bbb_3675
1536,bbb_2428
4023,bbb_4766
583,bbb_1543
2760,bbb_3578
1340,bbb_2252
1392,bbb_2299
6673,bbb_7331
4963,bbb_5674
4113,bbb_4861
6242,bbb_6902
6729,bbb_7383
3236,bbb_4011
4523,bbb_5253
791,bbb_17
6369,bbb_7021
4751,bbb_5471
6241,bbb_6901
4842,bbb_5561
518,bbb_1482
6262,bbb_6920
3969,bbb_4714
990,bbb_1924
808,bbb_1754
1988,bbb_28
2373,bbb_3211
1221,bbb_214
5877,bbb_6556
3112,bbb_3899
2843,bbb_365
6662,bbb_7319
1215,bbb_2139
1687,bbb_2564
4096,bbb_4845
7262,bbb_866
4846,bbb_5564
4660,bbb_5384
3434,bbb_4192
2437,bbb_3270
1923,bbb_2781
6767,bbb_7428
173,bbb_1160
5609,bbb_6291
1102,bbb_203
6042,bbb_6712
1572,bbb_2460
7400,bbb_99
3553,bbb_4301
7215,bbb_823
2483,bbb_3313
504,bbb_1469
3622,bbb_4378
7383,bbb_978
2004,bbb_285
2046,bbb_2893
5137,bbb_5843
3034,bbb_3828
6798,bbb_7457
3086,bbb_3875
3304,bbb_4072
7117,bbb_7759
1110,bbb_2040
1334,bbb_2246
957,bbb_1893
462,bbb_1429
3079,bbb_3869
3072,bbb_3863
5120,bbb_5826
7078,bbb_7723
4288,bbb_5032
2752,bbb_3571
640,bbb_1596
665,bbb_1620
4616,bbb_5343
4088,bbb_4837
6029,bbb_6700
44,bbb_1040
6568,bbb_7218
3558,bbb_4305
4234,bbb_4982
6000,bbb_667
6437,bbb_7085
5518,bbb_620
1330,bbb_2243
5026,bbb_5737
188,bbb_117
4889,bbb_560
5585,bbb_6269
6265,bbb_692
5884,bbb_6563
233,bbb_1216
5301,bbb_5997
6251,bbb_6910
4169,bbb_4920
3423,bbb_4182
7350,bbb_946
6998,bbb_7645
7036,bbb_7682
2330,bbb_3170
6980,bbb_7630
5730,bbb_641
4637,bbb_536
52,bbb_1047
570,bbb_1532
3948,bbb_4695
4480,bbb_5213
1601,bbb_2486
4183,bbb_4933
7088,bbb_7732
896,bbb_1836
5631,bbb_6323
5869,bbb_6549
2919,bbb_372
7152,bbb_7792
1716,bbb_2591
5548,bbb_6232
935,bbb_1871
3729,bbb_4481
7107,bbb_7750
5613,bbb_6299
6784,bbb_7444
1096,bbb_2028
2317,bbb_3158
5172,bbb_5875
1561,bbb_2450
4490,bbb_5223
6796,bbb_7455
2318,bbb_3159
889,bbb_1830
2144,bbb_2989
2295,bbb_3139
4539,bbb_5267
4911,bbb_5625
983,bbb_1918
1154,bbb_2080
7052,bbb_7696
1474,bbb_2373
7164,bbb_7803
4783,bbb_5502
3038,bbb_3832
5562,bbb_6245
1447,bbb_2348
2183,bbb_3025
4,bbb_1004
21,bbb_1020
1052,bbb_1983
2933,bbb_3736
1689,bbb_2566
2113,bbb_2953
886,bbb_1827
1148,bbb_2074
6709,bbb_736
1671,bbb_2550
5763,bbb_644
5876,bbb_6555
1157,bbb_2083
2780,bbb_3597
1613,bbb_2497
5292,bbb_5989
2695,bbb_3515
1610,bbb_2494
2349,bbb_3188
4797,bbb_5518
7151,bbb_7791
749,bbb_1702
6371,bbb_7023
4535,bbb_526
2779,bbb_3596
1292,bbb_2209
1656,bbb_2537
3292,bbb_4061
6421,bbb_7071
5792,bbb_6471
303,bbb_1283
5618,bbb_6305
975,bbb_1911
4248,bbb_4994
2708,bbb_3530
5450,bbb_6139
6493,bbb_71
1795,bbb_2663
7339,bbb_937
3920,bbb_466
347,bbb_132
4610,bbb_5338
5735,bbb_6418
7124,bbb_7765
2240,bbb_3080
143,bbb_113
5385,bbb_6076
2545,bbb_3368
2174,bbb_3016
5639,bbb_6331
3791,bbb_4545
2015,bbb_286
2926,bbb_3730
2858,bbb_3668
55,bbb_1050
6581,bbb_7235
121,bbb_1113
6646,bbb_7302
235,bbb_1218
616,bbb_1573
1615,bbb_2499
2829,bbb_3641
627,bbb_158
3156,bbb_3939
5930,bbb_6609
7130,bbb_7771
5885,bbb_656
756,bbb_1708
598,bbb_1556
3139,bbb_392
4421,bbb_5156
149,bbb_1139
1709,bbb_2584
1965,bbb_2819
2569,bbb_3395
3817,bbb_4570
1477,bbb_2375
5975,bbb_6650
4128,bbb_4875
3222,bbb_3998
3021,bbb_3816
1996,bbb_2846
309,bbb_1288
6458,bbb_7106
6519,bbb_7164
2413,bbb_3246
3561,bbb_4308
1262,bbb_2182
234,bbb_1217
4233,bbb_4981
2399,bbb_3234
5464,bbb_6151
4398,bbb_5136
1458,bbb_2358
6301,bbb_6957
4068,bbb_4810
908,bbb_1846
4748,bbb_5467
5147,bbb_5852
5699,bbb_6386
654,bbb_1610
7170,bbb_781
7084,bbb_7728
6416,bbb_706
773,bbb_172
3148,bbb_3932
5311,bbb_6007
4112,bbb_4860
1567,bbb_2455
5533,bbb_6218
2455,bbb_3287
4890,bbb_5604
5448,bbb_6137
4132,bbb_4879
6765,bbb_7426
2809,bbb_362
5297,bbb_599
6024,bbb_6695
6217,bbb_6878
3526,bbb_4275
88,bbb_1082
3091,bbb_3880
3108,bbb_3895
3398,bbb_4158
2366,bbb_3204
2275,bbb_3114
2489,bbb_3318
1057,bbb_1987
7307,bbb_908
5052,bbb_5762
7067,bbb_7711
3699,bbb_4452
884,bbb_1825
3411,bbb_4171
6763,bbb_7424
599,bbb_1557
4328,bbb_5071
1301,bbb_2217
2799,bbb_3614
5806,bbb_6487
5237,bbb_5937
3924,bbb_4667
1134,bbb_2062
662,bbb_1617
2460,bbb_3292
5402,bbb_6092
3746,bbb_4497
1939,bbb_2795
6287,bbb_6944
3256,bbb_4029
3296,bbb_4064
2813,bbb_3627
4085,bbb_483
1269,bbb_2188
6826,bbb_7484
3452,bbb_4208
3873,bbb_4621
3917,bbb_4661
7175,bbb_786
5861,bbb_6541
802,bbb_1749
3057,bbb_3849
1421,bbb_2325
1297,bbb_221
5333,bbb_6028
1429,bbb_2333
5810,bbb_6492
453,bbb_1420
6236,bbb_6896
2070,bbb_2914
5481,bbb_6166
4094,bbb_484
6390,bbb_70
6428,bbb_7077
2325,bbb_3165
1827,bbb_2693
1607,bbb_2492
4135,bbb_4883
2351,bbb_3190
5888,bbb_6566
6685,bbb_7341
351,bbb_1327
1117,bbb_2046
3602,bbb_4351
2138,bbb_2979
6227,bbb_6888
486,bbb_1451
940,bbb_1876
7257,bbb_862
1023,bbb_1954
2171,bbb_301
1311,bbb_2226
269,bbb_1248
3876,bbb_462
58,bbb_1053
5327,bbb_6023
1864,bbb_2727
739,bbb_1693
1180,bbb_2104
4017,bbb_4761
574,bbb_1535
854,bbb_1798
6032,bbb_6703
3141,bbb_3925
4310,bbb_5054
3790,bbb_4544
4343,bbb_5084
6159,bbb_6823
6934,bbb_7588
6430,bbb_7079
6478,bbb_7125
3153,bbb_3936
5429,bbb_6120
4052,bbb_4795
2626,bbb_3451
6987,bbb_7636
6010,bbb_6683
2743,bbb_3563
7372,bbb_966
4567,bbb_5298
5386,bbb_6077
4629,bbb_5355
7001,bbb_7648
1642,bbb_252
3076,bbb_3866
4741,bbb_5458
340,bbb_1317
3684,bbb_4438
7269,bbb_87
4527,bbb_5256
4133,bbb_4880
5797,bbb_6475
3624,bbb_4380
2629,bbb_345
5564,bbb_6247
1631,bbb_251
1313,bbb_2228
3593,bbb_4341
4699,bbb_5419
3552,bbb_4300
3210,bbb_3987
5760,bbb_6441
7352,bbb_948
3295,bbb_406
6681,bbb_7338
638,bbb_1594
900,bbb_18
3338,bbb_4103
199,bbb_118
3280,bbb_4050
5764,bbb_6444
5414,bbb_6105
4493,bbb_5225
2257,bbb_3096
6267,bbb_6926
4060,bbb_4803
2822,bbb_3635
6976,bbb_7626
1506,bbb_2401
1063,bbb_1993
2042,bbb_2889
1036,bbb_1966
7095,bbb_7739
3909,bbb_465
3547,bbb_4294
4154,bbb_4906
677,bbb_1631
832,bbb_1776
1541,bbb_2433
5422,bbb_611
5528,bbb_6213
3233,bbb_4008
1149,bbb_2075
7293,bbb_895
1006,bbb_1939
6897,bbb_7551
3422,bbb_4181
6714,bbb_7368
5758,bbb_64
1673,bbb_2552
6510,bbb_7156
3870,bbb_4618
4740,bbb_5457
78,bbb_1072
5438,bbb_6128
3462,bbb_4217
6663,bbb_7320
7254,bbb_859
2002,bbb_2852
5594,bbb_6277
3070,bbb_3861
3213,bbb_3990
1065,bbb_1994
5539,bbb_622
3767,bbb_452
6513,bbb_7159
3457,bbb_4213
6399,bbb_7048
3264,bbb_4036
5741,bbb_642
2749,bbb_3568
2112,bbb_2952
183,bbb_1169
2508,bbb_3335
608,bbb_1565
4114,bbb_4862
1894,bbb_2754
5835,bbb_6518
3923,bbb_4666
1236,bbb_2157
6835,bbb_7493
7272,bbb_876
6705,bbb_7359
3211,bbb_3988
3096,bbb_3884
1164,bbb_2090
3378,bbb_4140
6235,bbb_6895
5298,bbb_5994
2488,bbb_3317
5691,bbb_6379
3266,bbb_4038
1592,bbb_2478
6630,bbb_728
2260,bbb_3099
5899,bbb_6577
454,bbb_1421
2352,bbb_3191
4419,bbb_5154
3585,bbb_4332
2540,bbb_336
6670,bbb_7327
3497,bbb_4249
3055,bbb_3847
894,bbb_1834
5154,bbb_5858
472,bbb_1439
1233,bbb_2154
7299,bbb_901
463,bbb_1430
4034,bbb_4776
1931,bbb_2788
6083,bbb_6749
4122,bbb_4870
4143,bbb_4890
386,bbb_1358
3661,bbb_4415
2475,bbb_3305
1836,bbb_2701
5703,bbb_6390
7,bbb_1007
7347,bbb_94
1569,bbb_2457
1076,bbb_2005
2348,bbb_3187
6431,bbb_7080
6867,bbb_752
2080,bbb_292
2480,bbb_3310
2126,bbb_2964
4385,bbb_5124
4335,bbb_5077
6534,bbb_7180
1032,bbb_1963
7217,bbb_824
2034,bbb_2882
2340,bbb_3180
6999,bbb_7646
7341,bbb_939
5325,bbb_6021
4548,bbb_5275
6923,bbb_7577
5326,bbb_6022
4142,bbb_4889
6539,bbb_7184
3652,bbb_4406
5045,bbb_5755
6165,bbb_6828
2590,bbb_3419
5245,bbb_594
5265,bbb_5962
1969,bbb_2823
1532,bbb_2424
3194,bbb_3973
1978,bbb_2831
3606,bbb_4354
6153,bbb_6817
1285,bbb_2203
2867,bbb_3676
6896,bbb_7550
7361,bbb_956
3080,bbb_3870
5047,bbb_5757
6988,bbb_7637
3061,bbb_3853
6373,bbb_7024
2335,bbb_3174
3568,bbb_4314
6076,bbb_6743
1022,bbb_195
6543,bbb_7188
297,bbb_1277
6213,bbb_6874
1151,bbb_2077
392,bbb_1364
2877,bbb_3685
2093,bbb_2935
2339,bbb_3179
3886,bbb_4633
3223,bbb_3999
4727,bbb_5444
3735,bbb_4487
2470,bbb_3301
1220,bbb_2143
1097,bbb_2029
6172,bbb_6834
5671,bbb_6359
6680,bbb_7337
6693,bbb_7348
1300,bbb_2216
5506,bbb_6193
4024,bbb_4767
968,bbb_1904
6253,bbb_6912
1042,bbb_1972
204,bbb_1188
1956,bbb_2811
3566,bbb_4313
4350,bbb_5092
1986,bbb_2838
1463,bbb_2363
699,bbb_1650
1672,bbb_2551
545,bbb_1508
6396,bbb_7045
1859,bbb_2723
6033,bbb_670
4654,bbb_5379
2973,bbb_3773
5039,bbb_5749
6944,bbb_7597
2710,bbb_3532
2384,bbb_3221
7344,bbb_941
1060,bbb_1990
2579,bbb_3408
6964,bbb_7615
2134,bbb_2975
3274,bbb_4044
2689,bbb_3510
5452,bbb_6140
5804,bbb_648
1159,bbb_2085
3484,bbb_4237
3636,bbb_4391
109,bbb_1102
3271,bbb_4042
5800,bbb_6478
5522,bbb_6207
1811,bbb_2677
959,bbb_1895
2529,bbb_335
6349,bbb_7003
2879,bbb_3687
2362,bbb_3201
4541,bbb_5269
4087,bbb_4835
274,bbb_125
4292,bbb_5036
2169,bbb_3012
2458,bbb_3290
440,bbb_1408
4482,bbb_5215
6517,bbb_7163
2249,bbb_3088
1917,bbb_2775
693,bbb_1644
6804,bbb_7463
5998,bbb_6672
5977,bbb_6652
4847,bbb_5565
3240,bbb_4014
3309,bbb_4076
3282,bbb_4052
4904,bbb_5618
6696,bbb_7351
97,bbb_1091
6506,bbb_7153
2160,bbb_300
6070,bbb_6738
3810,bbb_4563
4522,bbb_5252
637,bbb_159
4737,bbb_5454
3692,bbb_4445
4905,bbb_5619
6582,bbb_7237
5324,bbb_6020
7311,bbb_912
1078,bbb_2007
5494,bbb_6180
4084,bbb_4833
2681,bbb_3503
3463,bbb_4218
4429,bbb_5164
6291,bbb_6948
5563,bbb_6246
3584,bbb_4331
387,bbb_1359
6647,bbb_7303
7008,bbb_7654
1182,bbb_2106
1658,bbb_2539
4403,bbb_5140
1895,bbb_2755
6432,bbb_7081
2536,bbb_3360
2787,bbb_360
5447,bbb_6136
6420,bbb_7070
2066,bbb_2911
873,bbb_1815
1208,bbb_2133
1480,bbb_2378
6362,bbb_7014
5362,bbb_6054
4757,bbb_5476
4627,bbb_5353
3100,bbb_3888
10,bbb_1010
6657,bbb_731
3662,bbb_4416
1869,bbb_2732
4148,bbb_4900
1555,bbb_2444
910,bbb_1848
6580,bbb_7234
5659,bbb_6348
7093,bbb_7736
6893,bbb_7547
4308,bbb_5053
1600,bbb_2485
5826,bbb_6510
2426,bbb_3260
5958,bbb_6634
3673,bbb_4428
4848,bbb_5566
2868,bbb_3677
606,bbb_156
732,bbb_168
3200,bbb_3978
3482,bbb_4235
1944,bbb_2800
848,bbb_1792
1012,bbb_1944
6989,bbb_7638
4814,bbb_553
9,bbb_1009
3366,bbb_4130
5316,bbb_6013
6620,bbb_7273
6305,bbb_6961
4189,bbb_4938
6694,bbb_7349
3859,bbb_4608
6254,bbb_6913
4395,bbb_513
6385,bbb_7035
2286,bbb_3131
1879,bbb_2740
6596,bbb_7250
1031,bbb_1962
5895,bbb_6573
3995,bbb_4739
2591,bbb_3420
1493,bbb_2390
3097,bbb_3885
402,bbb_137
3202,bbb_3980
12,bbb_1012
372,bbb_1345
2147,bbb_2992
2765,bbb_3583
6,bbb_1006
7083,bbb_7727
2494,bbb_3323
578,bbb_1539
2825,bbb_3638
2299,bbb_3142
2233,bbb_3073
4540,bbb_5268
6550,bbb_7196
5839,bbb_6522
7284,bbb_887
1041,bbb_1971
6046,bbb_6715
1979,bbb_2832
2994,bbb_3792
218,bbb_1203
5862,bbb_6542
1909,bbb_2768
1842,bbb_2706
3752,bbb_4504
69,bbb_106
2523,bbb_3348
3371,bbb_4134
1135,bbb_2063
8,bbb_1008
6627,bbb_7281
2021,bbb_2870
2279,bbb_3121
1011,bbb_194
3431,bbb_4189
3828,bbb_4580
4053,bbb_4796
1651,bbb_2533
2438,bbb_3272
885,bbb_1826
754,bbb_1706
2672,bbb_3494
5665,bbb_635
3630,bbb_4385
4763,bbb_5483
3588,bbb_4334
1479,bbb_2377
5191,bbb_589
1987,bbb_2839
6801,bbb_7460
146,bbb_1136
6453,bbb_7102
3857,bbb_4606
4866,bbb_5583
6126,bbb_6790
2510,bbb_3337
6501,bbb_7147
2469,bbb_3300
676,bbb_1630
2053,bbb_2899
141,bbb_1132
657,bbb_1613
3191,bbb_3970
5541,bbb_6225
7102,bbb_7745
332,bbb_1309
4147,bbb_4895
5519,bbb_6204
4767,bbb_5486
4067,bbb_4809
3551,bbb_4299
3015,bbb_3811
2037,bbb_2884
2889,bbb_3696
3268,bbb_40
2372,bbb_3210
7402,bbb_995
2103,bbb_294
174,bbb_1161
4603,bbb_5332
5582,bbb_6265
6407,bbb_7055
3043,bbb_3837
7290,bbb_893
51,bbb_1046
1270,bbb_2189
3221,bbb_3997
7231,bbb_838
7015,bbb_7662
2049,bbb_2895
3693,bbb_4446
3212,bbb_3989
3966,bbb_4712
6115,bbb_6779
2772,bbb_3590
2338,bbb_3178
2808,bbb_3623
7235,bbb_842
5673,bbb_6361
6186,bbb_6848
5512,bbb_6198
871,bbb_181
2673,bbb_3495
2570,bbb_3396
6393,bbb_7042
25,bbb_102
5149,bbb_585
3067,bbb_3858
3753,bbb_4505
3381,bbb_4143
5470,bbb_6156
1940,bbb_2796
7312,bbb_913
615,bbb_1572
5486,bbb_6171
6968,bbb_7619
619,bbb_1575
450,bbb_1417
5068,bbb_5776
2052,bbb_2898
4734,bbb_5451
6698,bbb_7353
358,bbb_133
6945,bbb_7598
798,bbb_1745
2176,bbb_3018
3496,bbb_4248
3845,bbb_4595
691,bbb_1643
1103,bbb_2034
2924,bbb_3728
2457,bbb_3289
3589,bbb_4335
6747,bbb_7408
3795,bbb_4549
766,bbb_1717
3013,bbb_3809
1525,bbb_2418
1661,bbb_2541
6668,bbb_7325
3215,bbb_3992
6409,bbb_7057
4683,bbb_5404
2599,bbb_3427
3954,bbb_4701
5974,bbb_6649
5318,bbb_6014
5343,bbb_6037
6623,bbb_7276
2875,bbb_368
428,bbb_1397
6514,bbb_7160
3666,bbb_4421
6731,bbb_7384
6491,bbb_7138
5961,bbb_6638
6280,bbb_6939
2565,bbb_3390
2386,bbb_3223
4952,bbb_5663
4979,bbb_5690
997,bbb_1931
6480,bbb_7127
4334,bbb_5076
30,bbb_1028
4882,bbb_5597
1358,bbb_2268
3792,bbb_4546
2468,bbb_3299
6324,bbb_6978
244,bbb_1226
420,bbb_1390
412,bbb_1383
5980,bbb_6654
4568,bbb_5299
2444,bbb_3277
2067,bbb_2912
4115,bbb_4863
4738,bbb_5455
3527,bbb_4276
5472,bbb_6158
2746,bbb_3565
3235,bbb_4010
2711,bbb_3533
1957,bbb_2812
2146,bbb_2991
308,bbb_1287
2596,bbb_3424
6849,bbb_7507
7363,bbb_958
6882,bbb_7538
3413,bbb_4173
1678,bbb_2556
6837,bbb_7494
1424,bbb_2328
6497,bbb_714
2574,bbb_340
4393,bbb_5132
6398,bbb_7047
384,bbb_1356
7212,bbb_820
3564,bbb_4311
6723,bbb_7377
6978,bbb_7628
2862,bbb_3672
1908,bbb_2767
2492,bbb_3321
461,bbb_1428
3961,bbb_4707
3278,bbb_4048
4140,bbb_4887
396,bbb_1368
3535,bbb_428
4041,bbb_4785
4959,bbb_5671
2116,bbb_2955
1109,bbb_20
2800,bbb_3615
3538,bbb_4286
6984,bbb_763
1312,bbb_2227
4901,bbb_5615
410,bbb_1381
5219,bbb_5919
4167,bbb_4918
458,bbb_1424
3691,bbb_4444
2998,bbb_3795
3734,bbb_4486
3275,bbb_4045
3005,bbb_3802
416,bbb_1386
3168,bbb_3949
90,bbb_1084
7244,bbb_850
5809,bbb_6491
3901,bbb_4646
6577,bbb_7226
3550,bbb_4298
6259,bbb_6917
2537,bbb_3361
4323,bbb_5066
3520,bbb_4270
5702,bbb_6389
5769,bbb_6449
5892,bbb_6570
5170,bbb_587
1820,bbb_2686
6979,bbb_7629
5856,bbb_6537
2880,bbb_3688
1654,bbb_2535
1279,bbb_2197
5783,bbb_6462
2630,bbb_3454
4222,bbb_4971
914,bbb_1852
3911,bbb_4655
6406,bbb_7054
5510,bbb_6196
6111,bbb_6775
2195,bbb_3036
6248,bbb_6907
2150,bbb_2994
32,bbb_1030
4056,bbb_4799
5820,bbb_6504
6917,bbb_7570
5993,bbb_6667
5971,bbb_6646
1073,bbb_2003
2814,bbb_3628
3560,bbb_4307
6345,bbb_6999
6019,bbb_6691
3781,bbb_4537
4101,bbb_4850
5355,bbb_6047
2873,bbb_3682
3475,bbb_4229
3373,bbb_4136
4018,bbb_4762
6950,bbb_7603
2836,bbb_3647
2308,bbb_3150
1468,bbb_2367
4066,bbb_4808
3129,bbb_3914
2108,bbb_2948
6642,bbb_7296
3987,bbb_4732
4805,bbb_5525
1469,bbb_2368
635,bbb_1592
3554,bbb_4302
3386,bbb_4147
5085,bbb_579
3041,bbb_3834
3530,bbb_4279
2722,bbb_3542
5649,bbb_63
1818,bbb_2684
538,bbb_1501
7297,bbb_899
6520,bbb_7165
5984,bbb_6658
6059,bbb_6728
6038,bbb_6708
6677,bbb_7334
6667,bbb_7324
4894,bbb_5608
4074,bbb_4817
5160,bbb_5864
3439,bbb_4196
6971,bbb_7622
925,bbb_1862
5908,bbb_6589
2891,bbb_3698
3503,bbb_4254
3569,bbb_4315
590,bbb_1549
2577,bbb_3406
5985,bbb_6659
3485,bbb_4238
1282,bbb_2200
1980,bbb_2833
1288,bbb_2205
6863,bbb_7520
2509,bbb_3336
329,bbb_1306
1499,bbb_2395
4025,bbb_4768
1710,bbb_2585
6214,bbb_6875
6412,bbb_7060
6706,bbb_7360
1294,bbb_2211
6277,bbb_6936
3563,bbb_4310
5350,bbb_6043
866,bbb_1809
531,bbb_1494
267,bbb_1246
6330,bbb_6984
7313,bbb_91
1004,bbb_1937
194,bbb_1179
1913,bbb_2772
2900,bbb_3706
981,bbb_1916
4151,bbb_490
1619,bbb_2503
3955,bbb_4702
628,bbb_1584
6309,bbb_6964
6922,bbb_7576
6117,bbb_6782
7369,bbb_96
3440,bbb_4197
3820,bbb_4573
2642,bbb_3465
469,bbb_1436
618,bbb_1574
177,bbb_116
961,bbb_1897
4516,bbb_5246
508,bbb_1473
6289,bbb_6946
5707,bbb_639
748,bbb_1701
60,bbb_1054
2128,bbb_2966
672,bbb_1626
4515,bbb_5245
1466,bbb_2365
5623,bbb_6312
4360,bbb_5102
190,bbb_1175
5440,bbb_6130
5526,bbb_6211
2043,bbb_2890
5953,bbb_6630
718,bbb_1669
3355,bbb_4119
7329,bbb_928
2014,bbb_2863
5368,bbb_6061
3557,bbb_4304
4168,bbb_4919
6260,bbb_6918
6887,bbb_7542
5462,bbb_6149
5507,bbb_619
5818,bbb_6501
3595,bbb_4343
3794,bbb_4548
5798,bbb_6476
6990,bbb_7639
1633,bbb_2515
4108,bbb_4856
142,bbb_1133
5847,bbb_6529
594,bbb_1553
4525,bbb_5254
5404,bbb_609
2200,bbb_3040
7133,bbb_777
3263,bbb_4035
1984,bbb_2836
1848,bbb_2713
3427,bbb_4185
5753,bbb_6435
6813,bbb_7471
1833,bbb_2698
6240,bbb_6900
3234,bbb_4009
2548,bbb_3371
6257,bbb_6915
38,bbb_1035
794,bbb_1742
5079,bbb_5786
1191,bbb_2114
2359,bbb_3198
5994,bbb_6668
1775,bbb_2644
6778,bbb_7438
1494,bbb_2391
4240,bbb_4987
5496,bbb_6183
4073,bbb_4815
3343,bbb_4107
2555,bbb_3377
3409,bbb_4169
6368,bbb_7020
5466,bbb_6153
4709,bbb_5429
1573,bbb_2461
3780,bbb_4536
7218,bbb_825
1870,bbb_2733
5317,bbb_601
6682,bbb_7339
7228,bbb_835
3397,bbb_4157
1342,bbb_225
988,bbb_1923
1961,bbb_2815
6219,bbb_6881
1384,bbb_2292
2581,bbb_3410
2130,bbb_2968
2511,bbb_3338
3441,bbb_4198
2612,bbb_3439
4051,bbb_4794
5813,bbb_6494
2514,bbb_3340
5312,bbb_6008
3069,bbb_3860
6231,bbb_6892
6594,bbb_7248
209,bbb_1193
3769,bbb_4526
2997,bbb_3794
5584,bbb_6268
1314,bbb_2229
903,bbb_1842
4765,bbb_5484
1247,bbb_2167
4120,bbb_4868
5838,bbb_6521
919,bbb_1856
868,bbb_1811
3415,bbb_4174
600,bbb_1558
1204,bbb_2127
5736,bbb_6419
3764,bbb_4517
2542,bbb_3365
7259,bbb_86
3779,bbb_4535
2564,bbb_3389
1155,bbb_2081
3481,bbb_4234
4373,bbb_511
5280,bbb_5975
3594,bbb_4342
1484,bbb_2382
2557,bbb_3379
2033,bbb_2881
3073,bbb_386
4714,bbb_543
2734,bbb_3553
6859,bbb_7516
4438,bbb_5173
6567,bbb_7217
3645,bbb_4399
5772,bbb_6452
3351,bbb_4114
2824,bbb_3637
3785,bbb_4540
3974,bbb_4719
82,bbb_1076
6438,bbb_7086
260,bbb_1240
5912,bbb_6593
1873,bbb_2735
3656,bbb_4411
3197,bbb_3975
917,bbb_1854
6475,bbb_7123
6320,bbb_6974
3975,bbb_4720
3768,bbb_4525
4058,bbb_4801
3438,bbb_4195
729,bbb_1679
6712,bbb_7366
1145,bbb_2072
1144,bbb_2071
4747,bbb_5466
5955,bbb_6632
5592,bbb_6275
2767,bbb_3585
3461,bbb_4216
6084,bbb_6750
376,bbb_1349
7330,bbb_929
7349,bbb_945
5788,bbb_6466
4097,bbb_4846
3679,bbb_443
6255,bbb_691
7371,bbb_965
4834,bbb_555
1770,bbb_2640
612,bbb_1569
3621,bbb_4377
2575,bbb_3404
1788,bbb_2656
6252,bbb_6911
1077,bbb_2006
881,bbb_1823
7058,bbb_7702
6196,bbb_6857
3400,bbb_4161
187,bbb_1173
2493,bbb_3322
3689,bbb_4443
2507,bbb_3334
4589,bbb_5318
4004,bbb_4749
6423,bbb_7073
1509,bbb_240
2231,bbb_3071
6715,bbb_7369
5864,bbb_654
1570,bbb_2458
3717,bbb_4470
6198,bbb_6859
2332,bbb_3172
7288,bbb_891
2778,bbb_3595
4876,bbb_5592
6614,bbb_7266
800,bbb_1747
5503,bbb_6189
3537,bbb_4285
360,bbb_1335
4870,bbb_5586
5784,bbb_6463
2065,bbb_2910
7345,bbb_942
3458,bbb_421
3549,bbb_4297
3074,bbb_3864
2235,bbb_3074
4178,bbb_4928
596,bbb_1554
2618,bbb_344
949,bbb_1885
7049,bbb_769
3368,bbb_4132
2345,bbb_3184
1771,bbb_2641
4430,bbb_5165
211,bbb_1194
1375,bbb_228
2154,bbb_2998
6014,bbb_6686
172,bbb_1159
1515,bbb_2409
2598,bbb_3426
853,bbb_1797
2429,bbb_3263
449,bbb_1416
2120,bbb_2959
6045,bbb_6714
7379,bbb_973
634,bbb_1591
577,bbb_1538
6243,bbb_6903
1858,bbb_2722
2522,bbb_3347
1227,bbb_2149
733,bbb_1684
4508,bbb_5239
224,bbb_1208
221,bbb_1205
5723,bbb_6407
1456,bbb_2356
2804,bbb_3619
7241,bbb_847
6306,bbb_6962
5863,bbb_6543
6825,bbb_748
2262,bbb_3101
5374,bbb_6066
1787,bbb_2655
2104,bbb_2944
1475,bbb_237
762,bbb_171
2158,bbb_3002
4175,bbb_4925
6739,bbb_7
2030,bbb_2878
439,bbb_1407
3023,bbb_3818
2500,bbb_3328
6495,bbb_7142
2151,bbb_2995
3749,bbb_4502
4784,bbb_5503
5290,bbb_5987
5495,bbb_6181
1856,bbb_2720
6900,bbb_755
6041,bbb_6711
5724,bbb_6408
2647,bbb_3470
2327,bbb_3167
4693,bbb_541
6794,bbb_745
4774,bbb_549
1830,bbb_2695
3517,bbb_4267
6312,bbb_6967
464,bbb_1431
2152,bbb_2996
2971,bbb_3771
3744,bbb_4495
1882,bbb_2743
7362,bbb_957
2119,bbb_2958
3783,bbb_4539
6587,bbb_7241
5018,bbb_5729
3054,bbb_3846
299,bbb_1279
4397,bbb_5135
3408,bbb_4168
3471,bbb_4225
1318,bbb_2233
5848,bbb_6530
6691,bbb_7346
3468,bbb_4223
2163,bbb_3006
2524,bbb_3349
2490,bbb_3319
3360,bbb_412
6146,bbb_6808
3963,bbb_4709
1226,bbb_2148
4871,bbb_5587
2443,bbb_3276
1831,bbb_2696
6147,bbb_6809
2068,bbb_2913
1929,bbb_2786
6206,bbb_6868
5610,bbb_6292
7092,bbb_7735
2839,bbb_3650
2028,bbb_2876
7061,bbb_7704
1535,bbb_2427
696,bbb_1647
1212,bbb_2136
4302,bbb_5047
3406,bbb_4166
2031,bbb_2879
362,bbb_1337
1124,bbb_2053
1189,bbb_2113
3848,bbb_4598
5352,bbb_6044
5827,bbb_6511
6557,bbb_720
7301,bbb_903
4048,bbb_4792
6422,bbb_7072
6168,bbb_6831
6599,bbb_7253
5291,bbb_5988
2435,bbb_3268
474,bbb_1440
409,bbb_1380
1003,bbb_1936
3695,bbb_4448
1322,bbb_2236
343,bbb_1320
4900,bbb_5614
108,bbb_1101
2754,bbb_3573
6525,bbb_7170
4231,bbb_4979
6645,bbb_7301
5498,bbb_6184
68,bbb_1063
630,bbb_1586
5982,bbb_6656
4724,bbb_5442
1916,bbb_2774
1647,bbb_2528
368,bbb_1342
2251,bbb_3090
2044,bbb_2891
144,bbb_1134
1084,bbb_2017
7357,bbb_953
2388,bbb_3224
4646,bbb_5372
3066,bbb_3857
6408,bbb_7056
1789,bbb_2657
3499,bbb_4251
2898,bbb_3704
415,bbb_1385
6270,bbb_6930
2149,bbb_299
5686,bbb_637
6883,bbb_7539
2153,bbb_2997
3310,bbb_4077
2740,bbb_3560
7191,bbb_801
5910,bbb_6591
2560,bbb_3382
2761,bbb_3579
5320,bbb_6016
3291,bbb_4060
2914,bbb_3719
5485,bbb_6170
1866,bbb_2729
1645,bbb_2526
4180,bbb_4930
3531,bbb_4280
6160,bbb_682
1321,bbb_2235
5467,bbb_615
5566,bbb_6249
6273,bbb_6933
6258,bbb_6916
3290,bbb_4059
5258,bbb_5955
2092,bbb_2934
5342,bbb_6036
6072,bbb_67
2272,bbb_3111
3586,bbb_4333
6503,bbb_7149
6914,bbb_7567
3609,bbb_4357
1733,bbb_2606
1890,bbb_2750
6137,bbb_6800
5543,bbb_6227
1911,bbb_2770
4602,bbb_5331
7204,bbb_813
1824,bbb_2690
3494,bbb_4246
3529,bbb_4278
5514,bbb_6200
3302,bbb_4070
1083,bbb_2016
6482,bbb_7129
1697,bbb_257
7275,bbb_879
5844,bbb_6526
2148,bbb_2993
4340,bbb_5082
1024,bbb_1955
3495,bbb_4247
6489,bbb_7136
4012,bbb_4756
5356,bbb_6048
6569,bbb_7219
4059,bbb_4802
2789,bbb_3605
6864,bbb_7521
6296,bbb_6953
620,bbb_1576
189,bbb_1174
4035,bbb_4777
3152,bbb_3935
3244,bbb_4018
5972,bbb_6647
345,bbb_1322
4787,bbb_5505
5358,bbb_6050
4098,bbb_4847
6363,bbb_7015
6442,bbb_7090
6164,bbb_6827
6223,bbb_6884
6426,bbb_7075
5600,bbb_6283
5924,bbb_660
3992,bbb_4736
526,bbb_1490
5588,bbb_6272
3522,bbb_4272
3952,bbb_4699
1038,bbb_1968
1373,bbb_2282
1847,bbb_2712
5646,bbb_6337
1817,bbb_268
6049,bbb_6719
3196,bbb_3974
5628,bbb_6316
2651,bbb_3474
1933,bbb_2790
2751,bbb_3570
682,bbb_1635
3664,bbb_4419
626,bbb_1583
2045,bbb_2892
468,bbb_1435
1606,bbb_2491
5360,bbb_6053
77,bbb_1071
1056,bbb_1986
2812,bbb_3626
1621,bbb_2504
6229,bbb_6890
6048,bbb_6718
5340,bbb_6034
6787,bbb_7447
6816,bbb_7475
2993,bbb_3791
5559,bbb_6243
2008,bbb_2857
1876,bbb_2738
6386,bbb_7036
6811,bbb_7469
3507,bbb_4258
5681,bbb_6369
2658,bbb_3482
155,bbb_114
5687,bbb_6375
6822,bbb_7481
1949,bbb_2804
370,bbb_134
1851,bbb_2715
529,bbb_1493
2810,bbb_3624
4198,bbb_4946
5859,bbb_65
2764,bbb_3582
6176,bbb_6838
3824,bbb_4576
7188,bbb_798
5766,bbb_6446
5571,bbb_6254
5916,bbb_6596
2190,bbb_3032
5551,bbb_6234
6348,bbb_7002
6912,bbb_7565
6528,bbb_7174
1991,bbb_2842
1142,bbb_2069
2637,bbb_3461
2607,bbb_3434
4072,bbb_4814
1010,bbb_1943
4045,bbb_4789
47,bbb_1043
2285,bbb_3130
2274,bbb_3113
2162,bbb_3005
6275,bbb_6934
2931,bbb_3734
3617,bbb_4373
3641,bbb_4395
198,bbb_1183
2216,bbb_3054
2122,bbb_2961
1999,bbb_2849
2213,bbb_3052
1326,bbb_22
5688,bbb_6376
2621,bbb_3446
390,bbb_1363
2184,bbb_3026
1914,bbb_2773
445,bbb_1413
4468,bbb_5201
197,bbb_1182
7376,bbb_970
6692,bbb_7347
4037,bbb_4780
1952,bbb_2807
2187,bbb_3029
6474,bbb_7122
3638,bbb_4393
6444,bbb_7092
7171,bbb_782
6479,bbb_7126
2175,bbb_3017
2292,bbb_3136
3466,bbb_4221
1037,bbb_1967
6298,bbb_6954
3082,bbb_3872
2552,bbb_3374
3903,bbb_4648
200,bbb_1184
2129,bbb_2967
829,bbb_177
5698,bbb_6385
1767,bbb_2638
592,bbb_1551
4844,bbb_5563
6895,bbb_7549
5341,bbb_6035
3286,bbb_4055
5419,bbb_6111
5332,bbb_6027
2643,bbb_3466
3094,bbb_3883
6785,bbb_7445
1232,bbb_215
532,bbb_1495
1666,bbb_2545
5337,bbb_6032
5996,bbb_6670
2901,bbb_3707
6511,bbb_7157
2277,bbb_3116
2023,bbb_2872
378,bbb_1351
455,bbb_1422
191,bbb_1176
2253,bbb_3092
2054,bbb_2900
2024,bbb_2873
2828,bbb_3640
1205,bbb_2128
690,bbb_1642
6191,bbb_6853
313,bbb_1292
3138,bbb_3923
571,bbb_1533
964,bbb_1900
5545,bbb_6229
6199,bbb_6860
5761,bbb_6442
2219,bbb_3057
2010,bbb_2859
843,bbb_1787
764,bbb_1715
2503,bbb_3331
6533,bbb_7179
6365,bbb_7017
2342,bbb_3182
3972,bbb_4717
2357,bbb_3196
2217,bbb_3055
4811,bbb_5531
4055,bbb_4798
3430,bbb_4188
5306,bbb_6002
3128,bbb_391
6852,bbb_7510
4284,bbb_5028
6875,bbb_7532
205,bbb_1189
153,bbb_1142
5891,bbb_6569
1977,bbb_2830
2239,bbb_3079
87,bbb_1081
2498,bbb_3326
3488,bbb_4241
5935,bbb_661
5434,bbb_6124
1994,bbb_2844
5508,bbb_6194
2703,bbb_3525
213,bbb_1196
4186,bbb_4935
2079,bbb_2923
2403,bbb_3238
546,bbb_1509
6679,bbb_7336
6173,bbb_6835
891,bbb_1832
2266,bbb_3105
6717,bbb_7372
5329,bbb_6024
3170,bbb_3951
4336,bbb_5078
3959,bbb_4705
2007,bbb_2856
6496,bbb_7143
1598,bbb_248
1634,bbb_2516
2547,bbb_3370
2478,bbb_3308
1819,bbb_2685
3369,bbb_4133
5445,bbb_6134
361,bbb_1336
695,bbb_1646
6250,bbb_6909
354,bbb_1330
285,bbb_1265
3410,bbb_4170
3797,bbb_4551
4851,bbb_5569
2185,bbb_3027
838,bbb_1783
874,bbb_1816
5921,bbb_6601
4146,bbb_4894
5409,bbb_6101
2589,bbb_3418
3525,bbb_4274
357,bbb_1333
7017,bbb_766
3743,bbb_4494
6690,bbb_7345
6711,bbb_7365
2975,bbb_3774
2397,bbb_3233
3756,bbb_4508
3977,bbb_4723
5484,bbb_6169
135,bbb_1125
2177,bbb_3019
3492,bbb_4244
5586,bbb_6270
4946,bbb_5657
6286,bbb_694
4304,bbb_5049
178,bbb_1164
4082,bbb_4829
6834,bbb_7492
3596,bbb_434
3451,bbb_4207
2212,bbb_3051
6327,bbb_6981
2097,bbb_2939
6263,bbb_6921
2164,bbb_3007
6012,bbb_6684
1020,bbb_1952
825,bbb_1770
6584,bbb_7239
2818,bbb_3632
2636,bbb_3460
6359,bbb_7012
5911,bbb_6592
3150,bbb_393
3207,bbb_3984
2601,bbb_3429
312,bbb_1291
195,bbb_1180
6829,bbb_7487
66,bbb_1061
6043,bbb_6713
2502,bbb_3330
6026,bbb_6697
4703,bbb_542
1147,bbb_207
5491,bbb_6177
2821,bbb_3634
6898,bbb_7552
2035,bbb_2883
5389,bbb_6080
3937,bbb_4684
3942,bbb_4689
3671,bbb_4426
2109,bbb_2949
6839,bbb_7498
6881,bbb_7537
2081,bbb_2924
1857,bbb_2721
5801,bbb_6479
5894,bbb_6572
359,bbb_1334
4257,bbb_500
1021,bbb_1953
580,bbb_1540
3359,bbb_4123
5745,bbb_6427
2041,bbb_2888
658,bbb_161
1846,bbb_2711
6530,bbb_7176
6071,bbb_6739
6553,bbb_7200
1175,bbb_2100
2584,bbb_3413
2925,bbb_3729
2592,bbb_3421
2019,bbb_2868
2667,bbb_3490
528,bbb_1492
75,bbb_1069
3490,bbb_4243
4277,bbb_5022
5893,bbb_6571
4129,bbb_4876
1121,bbb_2050
1452,bbb_2353
6451,bbb_7100
6294,bbb_6951
6899,bbb_7553
2728,bbb_3547
5605,bbb_6287
2082,bbb_2925
4193,bbb_4942
6419,bbb_7069
3512,bbb_4263
4188,bbb_4937
6282,bbb_6940
3962,bbb_4708
6140,bbb_6803
1085,bbb_2018
5375,bbb_6067
5927,bbb_6606
5928,bbb_6607
1863,bbb_2726
2402,bbb_3237
1051,bbb_1982
6547,bbb_719
5873,bbb_6553
5431,bbb_6122
1889,bbb_2749
3750,bbb_4503
1099,bbb_2031
2326,bbb_3166
1776,bbb_2645
3489,bbb_4242
3875,bbb_4623
1176,bbb_2101
1768,bbb_2639
5307,bbb_6003
331,bbb_1308
389,bbb_1361
2227,bbb_3067
4488,bbb_5221
4042,bbb_4786
6674,bbb_7332
5331,bbb_6026
5390,bbb_6081
6902,bbb_7555
4206,bbb_4955
3579,bbb_4325
4881,bbb_5596
2232,bbb_3072
5260,bbb_5957
255,bbb_1236
3515,bbb_4265
6414,bbb_7062
6879,bbb_7535
915,bbb_1853
3540,bbb_4288
5455,bbb_6143
5315,bbb_6012
6880,bbb_7536
4721,bbb_54
2087,bbb_2930
4307,bbb_5052
4806,bbb_5526
1712,bbb_2587
1184,bbb_2108
6187,bbb_6849
1853,bbb_2717
4455,bbb_5189
1868,bbb_2731
2341,bbb_3181
3900,bbb_4645
377,bbb_1350
5446,bbb_6135
6615,bbb_7267
3218,bbb_3994
5087,bbb_5795
4425,bbb_5160
1897,bbb_2757
6300,bbb_6956
4324,bbb_5067
6725,bbb_7379
1719,bbb_259
5430,bbb_6121
5463,bbb_6150
4728,bbb_5445
6904,bbb_7557
6789,bbb_7449
1550,bbb_2440
2236,bbb_3075
5790,bbb_6469
6481,bbb_7128
3704,bbb_4458
4800,bbb_5521
6832,bbb_7490
236,bbb_1219
2539,bbb_3363
1823,bbb_2689
6776,bbb_7436
7045,bbb_7690
3327,bbb_4093
5369,bbb_6062
2088,bbb_2931
5335,bbb_6030
1903,bbb_2763
5487,bbb_6172
1862,bbb_2725
411,bbb_1382
3842,bbb_4593
2016,bbb_2864
7013,bbb_7660
6182,bbb_6844
6415,bbb_7063
6237,bbb_6897
1228,bbb_2150
3951,bbb_4698
6205,bbb_6867
3904,bbb_4649
6367,bbb_7019
1210,bbb_2134
3628,bbb_438
5903,bbb_6584
5833,bbb_6516
1015,bbb_1947
5738,bbb_6421
3424,bbb_4183
6441,bbb_7089
6952,bbb_7604
1207,bbb_2132
740,bbb_169
2538,bbb_3362
3748,bbb_4501
6268,bbb_6927
6946,bbb_7599
5373,bbb_6065
3479,bbb_4233
6529,bbb_7175
5441,bbb_6131
5428,bbb_6119
470,bbb_1437
1152,bbb_2078
5926,bbb_6605
535,bbb_1498
1741,bbb_261
4256,bbb_5002
6470,bbb_7118
3916,bbb_4660
4544,bbb_5272
2878,bbb_3686
4026,bbb_4769
3058,bbb_3850
5970,bbb_6645
6429,bbb_7078
3871,bbb_4619
6532,bbb_7178
3918,bbb_4662
3597,bbb_4344
1792,bbb_2660
765,bbb_1716
185,bbb_1171
3613,bbb_4368
1188,bbb_2112
3321,bbb_4087
3432,bbb_4190
5746,bbb_6428
181,bbb_1167
379,bbb_1352
2218,bbb_3056
2425,bbb_3259
1213,bbb_2137
3834,bbb_4585
1605,bbb_2490
5022,bbb_5733
5383,bbb_6074
2769,bbb_3587
6427,bbb_7076
5849,bbb_6531
6948,bbb_7601
2095,bbb_2937
355,bbb_1331
6452,bbb_7101
6190,bbb_6852
5762,bbb_6443
7305,bbb_906
614,bbb_1571
4229,bbb_4977
4137,bbb_4884
6357,bbb_7010
5945,bbb_6623
2625,bbb_3450
2159,bbb_3003
6425,bbb_7074
1027,bbb_1958
1810,bbb_2676
101,bbb_1094
5641,bbb_6333
993,bbb_1927
1066,bbb_1995
1997,bbb_2847
998,bbb_1932
3379,bbb_4141
2241,bbb_3081
6353,bbb_7006
1199,bbb_2123
2229,bbb_3069
1728,bbb_2602
2084,bbb_2927
6246,bbb_6905
5669,bbb_6357
1016,bbb_1948
5521,bbb_6206
5379,bbb_6071
3014,bbb_3810
3528,bbb_4277
6800,bbb_7459
1881,bbb_2742
2806,bbb_3621
5365,bbb_6058
1900,bbb_2760
2271,bbb_3110
2700,bbb_3521
6797,bbb_7456
6292,bbb_6949
1981,bbb_283
5322,bbb_6018
5890,bbb_6568
91,bbb_1085
3849,bbb_4599
1880,bbb_2741
5554,bbb_6237
3964,bbb_4710
184,bbb_1170
4239,bbb_4986
2062,bbb_2907
719,bbb_1670
4092,bbb_4842
4049,bbb_4793
4431,bbb_5166
5474,bbb_6160
2527,bbb_3352
413,bbb_138
4948,bbb_5659
1224,bbb_2146
501,bbb_1466
6806,bbb_7464
1000,bbb_193
5552,bbb_6235
5493,bbb_6179
4134,bbb_4882
364,bbb_1339
1046,bbb_1975
6201,bbb_6862
2937,bbb_3740
5776,bbb_6455
5889,bbb_6567
1415,bbb_2320
5779,bbb_6458
3075,bbb_3865
7320,bbb_920
6161,bbb_6824
5875,bbb_6554
6276,bbb_6935
2978,bbb_3777
6612,bbb_7264
231,bbb_1214
821,bbb_1766
656,bbb_1612
6536,bbb_7182
6860,bbb_7517
206,bbb_1190
253,bbb_1234
6228,bbb_6889
4019,bbb_4763
5965,bbb_6641
1783,bbb_2652
4341,bbb_5083
4205,bbb_4954
1319,bbb_223
76,bbb_1070
5796,bbb_6474
3625,bbb_4381
3665,bbb_4420
4141,bbb_4888
4029,bbb_4772
1293,bbb_2210
427,bbb_1396
2136,bbb_2977
4300,bbb_5045
6537,bbb_7183
3869,bbb_4617
6230,bbb_6891
3607,bbb_4355
2202,bbb_3042
5700,bbb_6387
4221,bbb_4970
1816,bbb_2683
3878,bbb_4625
6886,bbb_7541
5896,bbb_6574
5473,bbb_6159
1522,bbb_2415
2487,bbb_3316
6351,bbb_7004
4005,bbb_4750
6360,bbb_7013
2497,bbb_3325
6604,bbb_7257
7071,bbb_7716
103,bbb_1096
5643,bbb_6334
434,bbb_1402
6332,bbb_6986
6122,bbb_6786
6184,bbb_6846
2756,bbb_3574
1875,bbb_2737
3637,bbb_4392
2851,bbb_3661
5475,bbb_6161
3983,bbb_4728
840,bbb_1784
6381,bbb_7032
5948,bbb_6625
500,bbb_1465
2902,bbb_3708
6439,bbb_7087
2582,bbb_3411
1753,bbb_2624
1667,bbb_2546
2089,bbb_2932
4212,bbb_4961
5357,bbb_6049
1628,bbb_2511
2517,bbb_3343
246,bbb_1228
2073,bbb_2917
7258,bbb_863
5492,bbb_6178
2005,bbb_2854
3376,bbb_4139
3510,bbb_4261
3984,bbb_4729
6232,bbb_6893
6234,bbb_6894
6591,bbb_7244
4244,bbb_4991
1589,bbb_2475
2284,bbb_3129
2056,bbb_2902
4931,bbb_564
2182,bbb_3024
1229,bbb_2151
6939,bbb_7593
2659,bbb_3483
1185,bbb_2109
3456,bbb_4212
6338,bbb_6993
1187,bbb_2111
2558,bbb_3380
3380,bbb_4142
6652,bbb_7307
5330,bbb_6025
936,bbb_1872
6021,bbb_6693
226,bbb_1210
289,bbb_1269
5966,bbb_6642
4003,bbb_4748
6210,bbb_6872
3474,bbb_4228
4209,bbb_4958
5808,bbb_6489
2022,bbb_2871
6337,bbb_6991
945,bbb_1881
3678,bbb_4433
4471,bbb_5204
6823,bbb_7482
3003,bbb_3800
2850,bbb_3660
337,bbb_1314
2999,bbb_3796
4736,bbb_5453
6635,bbb_7288
778,bbb_1728
1995,bbb_2845
5314,bbb_6011
2029,bbb_2877
1140,bbb_2067
6216,bbb_6877
6376,bbb_7027
7027,bbb_7673
5344,bbb_6038
779,bbb_1729
2990,bbb_3788
1808,bbb_2674
1171,bbb_2096
2076,bbb_2920
385,bbb_1357
5823,bbb_6507
2447,bbb_3280
5544,bbb_6228
4283,bbb_5027
6264,bbb_6923
1861,bbb_2724
6878,bbb_7534
2107,bbb_2947
2766,bbb_3584
2222,bbb_3060
1067,bbb_1996
126,bbb_1117
179,bbb_1165
4875,bbb_5591
5458,bbb_6145
5532,bbb_6217
6695,bbb_7350
846,bbb_1790
1826,bbb_2692
3775,bbb_4532
3672,bbb_4427
2773,bbb_3591
5338,bbb_6033
2055,bbb_2901
3956,bbb_4703
2110,bbb_2950
1804,bbb_2671
3758,bbb_4510
2774,bbb_3592
7198,bbb_807
229,bbb_1213
6494,bbb_7141
1427,bbb_2331
6411,bbb_7059
3950,bbb_4697
5323,bbb_6019
3888,bbb_4635
3759,bbb_4511
939,bbb_1875
6169,bbb_6832
7203,bbb_812
4181,bbb_4931
2842,bbb_3653
2486,bbb_3315
2505,bbb_3333
1806,bbb_2673
3990,bbb_4734
5858,bbb_6539
734,bbb_1687
2382,bbb_3219
2358,bbb_3197
6624,bbb_7277
4192,bbb_4940
318,bbb_1296
3352,bbb_4115
6844,bbb_7503
7294,bbb_896
6750,bbb_7411
6062,bbb_6731
5568,bbb_6252
2006,bbb_2855
561,bbb_1523
527,bbb_1491
5825,bbb_6509
2013,bbb_2862
1141,bbb_2068
2017,bbb_2865
4202,bbb_4950
1034,bbb_1964
1632,bbb_2514
6562,bbb_7213
4717,bbb_5436
1872,bbb_2734
4090,bbb_4840
1751,bbb_2623
6220,bbb_6882
2291,bbb_3135
1181,bbb_2105
6524,bbb_7169
1308,bbb_222
2981,bbb_3780
4268,bbb_501
4013,bbb_4757
7060,bbb_770
6947,bbb_7600
1854,bbb_2718
4416,bbb_5152
1912,bbb_2771
2624,bbb_3449
3450,bbb_4206
533,bbb_1496
2648,bbb_3471
2214,bbb_3053
4011,bbb_4755
5435,bbb_6125
6204,bbb_6865
2980,bbb_3779
2374,bbb_3212
6891,bbb_7545
6610,bbb_7263
3387,bbb_4148
6830,bbb_7488
3868,bbb_4616
476,bbb_1442
4152,bbb_4904
603,bbb_1561
5535,bbb_6220
1951,bbb_2806
2563,bbb_3384
4195,bbb_494
2060,bbb_2905
6433,bbb_7082
5505,bbb_6191
1781,bbb_2650
5449,bbb_6138
4766,bbb_5485
2583,bbb_3412
1855,bbb_2719
298,bbb_1278
5516,bbb_6202
1749,bbb_2621
151,bbb_1140
170,bbb_1157
3788,bbb_4543
6985,bbb_7634
3505,bbb_4256
1396,bbb_2303
3162,bbb_394
6413,bbb_7061
5952,bbb_6629
7199,bbb_808
6873,bbb_7530
2106,bbb_2946
3939,bbb_4686
447,bbb_1414
2300,bbb_3143
7227,bbb_834
2968,bbb_3768
6104,bbb_6769
2313,bbb_3154
5883,bbb_6562
5656,bbb_6345
5302,bbb_5998
893,bbb_183
2594,bbb_3423
192,bbb_1177
2343,bbb_3183
2071,bbb_2915
1764,bbb_2635
5668,bbb_6356
3851,bbb_4601
193,bbb_1178
3879,bbb_4626
5401,bbb_6091
1867,bbb_2730
7073,bbb_7718
1498,bbb_2394
4163,bbb_4914
1835,bbb_2700
6278,bbb_6937
2496,bbb_3324
2541,bbb_3364
2631,bbb_3455
6370,bbb_7022
1786,bbb_2654
2250,bbb_3089
1760,bbb_2631
5553,bbb_6236
706,bbb_1656
7005,bbb_7652
6364,bbb_7016
2115,bbb_2954
6894,bbb_7548
6549,bbb_7195
67,bbb_1062
2732,bbb_3551
2083,bbb_2926
4210,bbb_4959
139,bbb_1130
4837,bbb_5556
1898,bbb_2758
3892,bbb_4639
6007,bbb_6680
2117,bbb_2956
2288,bbb_3133
3533,bbb_4282
3548,bbb_4296
3508,bbb_4259
2096,bbb_2938
6440,bbb_7088
4605,bbb_533
4022,bbb_4765
471,bbb_1438
1422,bbb_2326
2600,bbb_3428
6741,bbb_7402
3305,bbb_4073
2759,bbb_3577
4271,bbb_5016
339,bbb_1316
6279,bbb_6938
3486,bbb_4239
140,bbb_1131
5603,bbb_6285
4075,bbb_4820
523,bbb_1486
4008,bbb_4753
5116,bbb_5823
6366,bbb_7018
3518,bbb_4268
842,bbb_1786
2347,bbb_3186
1755,bbb_2626
1554,bbb_244
2059,bbb_2904
3477,bbb_4231
1850,bbb_2714
2946,bbb_3748
3978,bbb_472
4863,bbb_5580
1214,bbb_2138
1203,bbb_2126
2075,bbb_2919
3863,bbb_4612
5427,bbb_6118
3534,bbb_4283
6162,bbb_6825
5501,bbb_6187
2580,bbb_3409
6131,bbb_6794
605,bbb_1563
4185,bbb_4934
5517,bbb_6203
6097,bbb_6763
707,bbb_1657
673,bbb_1627
4166,bbb_4917
5538,bbb_6223
6820,bbb_7479
3640,bbb_4394
223,bbb_1207
2605,bbb_3433
6050,bbb_6720
2640,bbb_346
5950,bbb_6627
3895,bbb_4641
1315,bbb_2230
2123,bbb_2962
6828,bbb_7486
3012,bbb_3808
6782,bbb_7443
5954,bbb_6631
2680,bbb_3502
6189,bbb_6851
2595,bbb_342
1223,bbb_2145
401,bbb_1373
3375,bbb_4138
4002,bbb_4747
131,bbb_1122
5978,bbb_6653
398,bbb_1370
2622,bbb_3447
6343,bbb_6997
4825,bbb_554
6913,bbb_7566
6342,bbb_6996
3184,bbb_396
7065,bbb_7708
5376,bbb_6068
2003,bbb_2853
982,bbb_1917
5515,bbb_6201
1674,bbb_2553
5490,bbb_6176
3001,bbb_3798
5453,bbb_6141
2664,bbb_3487
6238,bbb_6898
6088,bbb_6754
3825,bbb_4577
5425,bbb_6116
1750,bbb_2622
497,bbb_1463
5938,bbb_6616
2770,bbb_3588
2395,bbb_3231
1,bbb_1001
3367,bbb_4131
6869,bbb_7526
2663,bbb_3486
6460,bbb_7108
3771,bbb_4528
3301,bbb_4069
6818,bbb_7477
6473,bbb_7121
2750,bbb_3569
1025,bbb_1956
5304,bbb_6000
4211,bbb_4960
3654,bbb_4408
5437,bbb_6127
2167,bbb_3010
5432,bbb_6123
3681,bbb_4435
1706,bbb_2582
5597,bbb_6280
1663,bbb_2543
2987,bbb_3785
5670,bbb_6358
3483,bbb_4236
2747,bbb_3566
5285,bbb_5983
845,bbb_1789
5421,bbb_6113
5898,bbb_6576
3016,bbb_3812
1762,bbb_2633
6847,bbb_7505
1257,bbb_2177
3940,bbb_4687
5973,bbb_6648
6145,bbb_6807
3833,bbb_4584
1803,bbb_2670
3712,bbb_4465
1399,bbb_2305
6872,bbb_7529
1992,bbb_2843
3514,bbb_4264
5426,bbb_6117
2441,bbb_3274
6973,bbb_762
3459,bbb_4214
6004,bbb_6677
4793,bbb_5514
3980,bbb_4725
3840,bbb_4591
4054,bbb_4797
6209,bbb_6871
1162,bbb_2088
2617,bbb_3443
844,bbb_1788
3370,bbb_413
3467,bbb_4222
5840,bbb_6523
367,bbb_1341
2414,bbb_3247
182,bbb_1168
1906,bbb_2765
2000,bbb_2850
294,bbb_1274
2085,bbb_2928
2763,bbb_3581
1126,bbb_2054
5443,bbb_6133
6448,bbb_7097
1779,bbb_2648
2142,bbb_2987
5922,bbb_6602
3469,bbb_422
2328,bbb_3168
6935,bbb_7589
4172,bbb_4923
898,bbb_1838
2861,bbb_3671
1825,bbb_2691
2125,bbb_296
2009,bbb_2858
316,bbb_1294
7007,bbb_765
5867,bbb_6547
2051,bbb_2897
7353,bbb_949
20,bbb_1019
5294,bbb_5991
5941,bbb_6619
2571,bbb_3399
4440,bbb_5175
1106,bbb_2037
5962,bbb_6639
6609,bbb_7262
1902,bbb_2762
6911,bbb_7564
2499,bbb_3327
2135,bbb_2976
1062,bbb_1992
1813,bbb_2680
1828,bbb_269
4103,bbb_4852
425,bbb_1394
5969,bbb_6644
1328,bbb_2241
1050,bbb_1979
3880,bbb_4627
5900,bbb_6578
713,bbb_1663
4371,bbb_5112
3982,bbb_4727
6821,bbb_7480
129,bbb_1120
6185,bbb_6847
2001,bbb_2851
3986,bbb_4731
3472,bbb_4226
2955,bbb_3756
5901,bbb_6582
3017,bbb_3813
6637,bbb_7290
6769,bbb_7430
5897,bbb_6575
6651,bbb_7306
5918,bbb_6598
1901,bbb_2761
2795,bbb_3611
2297,bbb_3140
522,bbb_1485
207,bbb_1191
3374,bbb_4137
1784,bbb_2653
2385,bbb_3222
5931,bbb_6610
5951,bbb_6628
2907,bbb_3713
1192,bbb_2115
4155,bbb_4907
2061,bbb_2906
6931,bbb_7585
4138,bbb_4885
5720,bbb_6404
152,bbb_1141
2063,bbb_2908
6080,bbb_6746
5334,bbb_6029
3981,bbb_4726
122,bbb_111
2649,bbb_3472
2697,bbb_3517
7011,bbb_7658
565,bbb_1527
6490,bbb_7137
1677,bbb_2555
1574,bbb_2462
6648,bbb_730
222,bbb_1206
6541,bbb_7186
2568,bbb_3394
5919,bbb_6599
436,bbb_1404
3772,bbb_4529
475,bbb_1441
6885,bbb_7540
1219,bbb_2142
3209,bbb_3986
295,bbb_1275
2844,bbb_3654
2020,bbb_2869
6870,bbb_7527
5567,bbb_6251
4014,bbb_4758
6915,bbb_7568
2324,bbb_3164
5949,bbb_6626
1329,bbb_2242
7388,bbb_983
5287,bbb_5984
2628,bbb_3453
3713,bbb_4466
2491,bbb_3320
937,bbb_1873
3841,bbb_4592
6313,bbb_6968
7098,bbb_7741
2928,bbb_3732
1133,bbb_2061
4000,bbb_4744
2588,bbb_3417
6929,bbb_7583
927,bbb_186
6890,bbb_7544
5923,bbb_6603
5759,bbb_6440
4758,bbb_5477
5902,bbb_6583
4303,bbb_5048
6354,bbb_7007
6760,bbb_7422
2884,bbb_3692
549,bbb_1512
2903,bbb_3709
951,bbb_1887
2890,bbb_3697
2064,bbb_2909
4159,bbb_4911
7108,bbb_7751
4572,bbb_5303
6901,bbb_7554
2378,bbb_3215
3826,bbb_4578
225,bbb_1209
3365,bbb_4129
5321,bbb_6017
1780,bbb_2649
5947,bbb_6624
2448,bbb_3281
3011,bbb_3807
4563,bbb_529
3816,bbb_4569
2616,bbb_3442
2050,bbb_2896
306,bbb_1285
5439,bbb_6129
2876,bbb_3684
1596,bbb_2482
629,bbb_1585
5937,bbb_6615
5366,bbb_6059
3642,bbb_4396
5658,bbb_6347
1558,bbb_2447
5915,bbb_6595
5367,bbb_6060
5967,bbb_6643
2954,bbb_3755
4207,bbb_4956
7219,bbb_826
1845,bbb_2709
3009,bbb_3805
423,bbb_1393
383,bbb_1355
5363,bbb_6056
1130,bbb_2058
2745,bbb_3564
4264,bbb_5010
714,bbb_166
650,bbb_1605
5370,bbb_6063
933,bbb_1869
1272,bbb_2191
2771,bbb_3589
1058,bbb_1988
3945,bbb_4693
5956,bbb_6633
2775,bbb_3593
2416,bbb_3249
2346,bbb_3185
1681,bbb_2559
7062,bbb_7705
7026,bbb_7672
6284,bbb_6942
2196,bbb_3037
118,bbb_1110
2675,bbb_3497
4762,bbb_5482
3546,bbb_429
228,bbb_1212
1941,bbb_2797
5558,bbb_6242
2633,bbb_3457
6840,bbb_7499
6380,bbb_7031
2025,bbb_287
4100,bbb_4849
7056,bbb_7700
1222,bbb_2144
2930,bbb_373
4036,bbb_4779
5300,bbb_5996
1082,bbb_2014
2242,bbb_3082
5378,bbb_6070
3912,bbb_4656
4559,bbb_5288
6732,bbb_7385
1325,bbb_2239
4021,bbb_4764
3722,bbb_4474
3803,bbb_4556
6790,bbb_7450
757,bbb_1709
4465,bbb_5198
2638,bbb_3462
1055,bbb_1985
6158,bbb_6822
1800,bbb_2667
375,bbb_1348
6272,bbb_6932
1822,bbb_2688
6888,bbb_7543
5500,bbb_6186
2688,bbb_3509
4208,bbb_4957
595,bbb_155
5837,bbb_6520
104,bbb_1097
5733,bbb_6416
6641,bbb_7294
1026,bbb_1957
2892,bbb_3699
2632,bbb_3456
6833,bbb_7491
1059,bbb_1989
3390,bbb_4151
2753,bbb_3572
3705,bbb_4459
4798,bbb_5519
2709,bbb_3531
2305,bbb_3147
980,bbb_1915
5679,bbb_6367
3708,bbb_4462
2677,bbb_3499
3570,bbb_4316
3261,bbb_403
3000,bbb_3797
728,bbb_1678
3985,bbb_4730
403,bbb_1374
2434,bbb_3267
2865,bbb_3674
1547,bbb_2438
6576,bbb_7225
5537,bbb_6222
6556,bbb_7203
6608,bbb_7261
6285,bbb_6943
3347,bbb_4111
2074,bbb_2918
3818,bbb_4571
4081,bbb_4828
2554,bbb_3376
6102,bbb_6767
1139,bbb_2066
369,bbb_1343
6733,bbb_7386
1395,bbb_2302
1608,bbb_2493
1158,bbb_2084
2220,bbb_3058
6949,bbb_7602
7070,bbb_7715
4044,bbb_4788
2758,bbb_3576
2662,bbb_3485
4306,bbb_5051
2143,bbb_2988
349,bbb_1325
6639,bbb_7293
3745,bbb_4496
822,bbb_1767
4278,bbb_5023
5879,bbb_6558
5755,bbb_6437
4947,bbb_5658
249,bbb_1231
3571,bbb_4317
4786,bbb_5504
6702,bbb_7356
2962,bbb_3763
2307,bbb_3149
5933,bbb_6612
1777,bbb_2646
4458,bbb_5192
7346,bbb_943
130,bbb_1121
4850,bbb_5568
1964,bbb_2818
2078,bbb_2922
1018,bbb_1950
6183,bbb_6845
1047,bbb_1976
4203,bbb_4951
3425,bbb_418
5648,bbb_6339
4968,bbb_5679
1802,bbb_2669
6316,bbb_6971
4274,bbb_5019
4046,bbb_4790
467,bbb_1434
7378,bbb_972
6571,bbb_7221
4263,bbb_5009
6344,bbb_6998
5457,bbb_6144
5647,bbb_6338
3747,bbb_4499
4038,bbb_4781
4420,bbb_5155
333,bbb_1310
1943,bbb_2799
5920,bbb_6600
5469,bbb_6155
5624,bbb_6313
2670,bbb_3493
5377,bbb_6069
232,bbb_1215
1217,bbb_2140
3715,bbb_4468
2943,bbb_3745
3915,bbb_4659
3025,bbb_3820
2979,bbb_3778
1998,bbb_2848
4197,bbb_4945
5678,bbb_6366
932,bbb_1868
3454,bbb_4210
2519,bbb_3344
2566,bbb_3393
3991,bbb_4735
263,bbb_1243
4156,bbb_4908
6824,bbb_7483
4326,bbb_5069
6589,bbb_7243
1069,bbb_1998
5627,bbb_6315
5942,bbb_6620
5664,bbb_6353
5209,bbb_5910
79,bbb_1073
5816,bbb_6497
4609,bbb_5337
180,bbb_1166
2259,bbb_3098
6843,bbb_7502
301,bbb_1281
6907,bbb_7561
3675,bbb_4430
4485,bbb_5218
6777,bbb_7437
3444,bbb_4201
5288,bbb_5985
5959,bbb_6635
1953,bbb_2808
1782,bbb_2651
5726,bbb_6410
5914,bbb_6594
5560,bbb_624
1183,bbb_2107
4187,bbb_4936
4102,bbb_4851
4246,bbb_4993
2197,bbb_3038
1146,bbb_2073
1791,bbb_2659
2627,bbb_3452
2678,bbb_3500
892,bbb_1833
1443,bbb_2344
3267,bbb_4039
3979,bbb_4724
6827,bbb_7485
3700,bbb_4453
4153,bbb_4905
5811,bbb_6493
1954,bbb_2809
6766,bbb_7427
5396,bbb_6086
265,bbb_1244
1959,bbb_281
6317,bbb_6972
3465,bbb_4220
5964,bbb_6640
1235,bbb_2156
7129,bbb_7770
4015,bbb_4759
2124,bbb_2963
5909,bbb_6590
3348,bbb_4112
5749,bbb_6431
5295,bbb_5992
2970,bbb_3770
5855,bbb_6536
2252,bbb_3091
1495,bbb_2392
1186,bbb_2110
426,bbb_1395
3907,bbb_4652
6570,bbb_7220
4297,bbb_5041
245,bbb_1227
879,bbb_1821
524,bbb_1487
6628,bbb_7282
7004,bbb_7651
6224,bbb_6885
1877,bbb_2739
965,bbb_1901
5420,bbb_6112
2687,bbb_3508
5661,bbb_6350
6772,bbb_7433
852,bbb_1796
5596,bbb_6279
2436,bbb_3269
5531,bbb_6216
6518,bbb_716
2796,bbb_3612
901,bbb_1840
6919,bbb_7572
7251,bbb_856
2944,bbb_3746
3778,bbb_4534
1657,bbb_2538
7024,bbb_7670
4260,bbb_5006
7382,bbb_977
99,bbb_1093
256,bbb_1237
2724,bbb_354
3385,bbb_4146
4289,bbb_5033
6737,bbb_7395
5289,bbb_5986
1116,bbb_2045
6001,bbb_6674
6151,bbb_681
2699,bbb_3520
4754,bbb_547
1832,bbb_2697
850,bbb_179
2661,bbb_3484
1754,bbb_2625
1045,bbb_1974
2296,bbb_31
3354,bbb_4117
3384,bbb_4145
6110,bbb_6774
2922,bbb_3726
5305,bbb_6001
4318,bbb_5062
5695,bbb_6383
823,bbb_1768
6606,bbb_7259
855,bbb_1799
277,bbb_1257
607,bbb_1564
2635,bbb_3459
4266,bbb_5012
6009,bbb_6682
418,bbb_1388
5655,bbb_6344
5400,bbb_6090
215,bbb_1200
5715,bbb_6400
6112,bbb_6776
321,bbb_1299
7055,bbb_7699
6003,bbb_6676
4149,bbb_4901
1089,bbb_2022
2485,bbb_3314
5716,bbb_6401
2948,bbb_3750
7234,bbb_840
3344,bbb_4108
1283,bbb_2201
6331,bbb_6985
5717,bbb_6402
1840,bbb_2704
1201,bbb_2124
6061,bbb_6730
3543,bbb_4291
4291,bbb_5034
220,bbb_1204
3676,bbb_4431
407,bbb_1378
422,bbb_1392
2303,bbb_3145
4731,bbb_5448
3852,bbb_4602
6208,bbb_6870
6446,bbb_7095
2377,bbb_3214
679,bbb_1633
4262,bbb_5008
1797,bbb_2664
4160,bbb_4912
5957,bbb_663
1874,bbb_2736
3707,bbb_4461
7232,bbb_839
1225,bbb_2147
4962,bbb_567
5997,bbb_6671
6909,bbb_7563
5718,bbb_6403
6775,bbb_7435
5925,bbb_6604
2090,bbb_2933
554,bbb_1516
1809,bbb_2675
6163,bbb_6826
2717,bbb_3538
6770,bbb_7431
2189,bbb_3031
3815,bbb_4568
4095,bbb_4844
717,bbb_1666
61,bbb_1055
111,bbb_110
4196,bbb_4944
5854,bbb_6535
2896,bbb_3703
2396,bbb_3232
5436,bbb_6126
6560,bbb_7211
1405,bbb_2311
2417,bbb_3250
1815,bbb_2682
2639,bbb_3463
1946,bbb_2802
792,bbb_1740
5807,bbb_6488
3392,bbb_4153
877,bbb_1819
6561,bbb_7212
6487,bbb_7134
2634,bbb_3458
2934,bbb_3738
4228,bbb_4976
41,bbb_1038
5680,bbb_6368
1730,bbb_260
276,bbb_1256
2739,bbb_3559
2951,bbb_3753
966,bbb_1902
751,bbb_170
6908,bbb_7562
1344,bbb_2255
2610,bbb_3437
5057,bbb_5766
2383,bbb_3220
6759,bbb_7421
2381,bbb_3218
550,bbb_1513
3663,bbb_4417
3720,bbb_4473
2587,bbb_3416
5372,bbb_6064
6730,bbb_738
3728,bbb_4480
1904,bbb_276
7261,bbb_865
156,bbb_1144
515,bbb_1479
1305,bbb_2221
2544,bbb_3367
2652,bbb_3476
7029,bbb_7674
7172,bbb_783
5611,bbb_6293
2730,bbb_3549
3896,bbb_4642
2375,bbb_3213
2173,bbb_3015
2940,bbb_3743
5576,bbb_6259
4298,bbb_5043
6745,bbb_7406
5904,bbb_6585
7248,bbb_85
5286,bbb_598
557,bbb_1519
2226,bbb_3066
2805,bbb_3620
3389,bbb_4150
1585,bbb_2472
2917,bbb_3722
6838,bbb_7497
2792,bbb_3608
1548,bbb_2439
5348,bbb_6041
989,bbb_192
955,bbb_1891
5979,bbb_665
4803,bbb_552
4194,bbb_4943
1323,bbb_2237
6040,bbb_6710
5850,bbb_6532
2363,bbb_3202
6650,bbb_7305
3181,bbb_3961
1773,bbb_2643
971,bbb_1907
2991,bbb_3789
511,bbb_1475
5853,bbb_6534
3709,bbb_4463
2733,bbb_3552
441,bbb_1409
996,bbb_1930
2157,bbb_3001
3680,bbb_4434
2731,bbb_3550
1389,bbb_2296
4729,bbb_5446
2923,bbb_3727
4204,bbb_4952
1351,bbb_2262
2904,bbb_3710
6325,bbb_6979
4739,bbb_5456
857,bbb_1801
4121,bbb_4869
1198,bbb_2122
1173,bbb_2098
1798,bbb_2665
2883,bbb_3691
307,bbb_1286
6743,bbb_7404
3891,bbb_4638
6707,bbb_7361
7075,bbb_7720
3358,bbb_4122
5029,bbb_57
1245,bbb_2165
601,bbb_1559
5905,bbb_6586
4658,bbb_5383
4524,bbb_525
929,bbb_1865
6861,bbb_7518
3453,bbb_4209
1924,bbb_2782
7300,bbb_902
4656,bbb_5381
2915,bbb_3720
5936,bbb_6614
795,bbb_1743
2793,bbb_3609
5881,bbb_6560
324,bbb_1302
2623,bbb_3448
2077,bbb_2921
1752,bbb_262
2379,bbb_3216
7103,bbb_7746
3997,bbb_4740
4139,bbb_4886
521,bbb_1484
4164,bbb_4915
3470,bbb_4224
4761,bbb_5481
2921,bbb_3725
5782,bbb_6461
5697,bbb_6384
1363,bbb_2273
5256,bbb_595
6932,bbb_7586
116,bbb_1108
1679,bbb_2557
1491,bbb_2388
3908,bbb_4653
2620,bbb_3445
1884,bbb_2744
4200,bbb_4948
3250,bbb_402
3809,bbb_4562
6634,bbb_7287
5601,bbb_628
770,bbb_1721
3894,bbb_4640
2856,bbb_3666
7255,bbb_860
785,bbb_1734
5415,bbb_6106
995,bbb_1929
1821,bbb_2687
814,bbb_1760
2393,bbb_3229
1105,bbb_2036
3674,bbb_4429
7100,bbb_7743
4659,bbb_538
6521,bbb_7166
2139,bbb_2980
3973,bbb_4718
3929,bbb_4676
6120,bbb_6784
1927,bbb_2784
1766,bbb_2637
3856,bbb_4605
7086,bbb_7730
1441,bbb_2343
1196,bbb_2120
1566,bbb_2454
2604,bbb_3432
5721,bbb_6405
258,bbb_1239
716,bbb_1665
1639,bbb_2521
6052,bbb_6722
1990,bbb_2841
1921,bbb_2779
5640,bbb_6332
465,bbb_1433
2869,bbb_3678
5666,bbb_6354
5906,bbb_6587
720,bbb_1671
4785,bbb_550
1582,bbb_2469
6197,bbb_6858
6817,bbb_7476
5710,bbb_6396
488,bbb_1453
227,bbb_1211
5992,bbb_6666
775,bbb_1725
2199,bbb_30
1153,bbb_2079
2223,bbb_3063
7059,bbb_7703
6996,bbb_764
5380,bbb_6072
2322,bbb_3163
3836,bbb_4587
1324,bbb_2238
6638,bbb_7292
3576,bbb_4323
4285,bbb_5029
4258,bbb_5004
6555,bbb_7202
2894,bbb_3701
7310,bbb_911
6002,bbb_6675
799,bbb_1746
2422,bbb_3254
2720,bbb_3540
7336,bbb_934
934,bbb_1870
3020,bbb_3815
6803,bbb_7462
7072,bbb_7717
6006,bbb_6679
1920,bbb_2778
2264,bbb_310
382,bbb_1354
240,bbb_1223
2691,bbb_3512
2698,bbb_3518
6149,bbb_6811
1790,bbb_2658
3283,bbb_4053
5310,bbb_6006
3807,bbb_4560
5750,bbb_6432
787,bbb_1736
1693,bbb_2570
1197,bbb_2121
1496,bbb_2393
7143,bbb_7783
336,bbb_1313
6771,bbb_7432
5995,bbb_6669
147,bbb_1137
3101,bbb_3889
972,bbb_1908
5722,bbb_6406
1975,bbb_2828
3433,bbb_4191
3885,bbb_4632
2294,bbb_3138
1772,bbb_2642
2553,bbb_3375
6108,bbb_6773
6540,bbb_7185
7279,bbb_883
1640,bbb_2522
5598,bbb_6281
123,bbb_1114
763,bbb_1714
5987,bbb_6662
7085,bbb_7729
6015,bbb_6687
5991,bbb_6665
2895,bbb_3702
5638,bbb_6330
1332,bbb_2244
3655,bbb_4410
5652,bbb_6342
6546,bbb_7193
681,bbb_1634
3847,bbb_4597
1891,bbb_2751
417,bbb_1387
5502,bbb_6188
5635,bbb_6326
3726,bbb_4478
2549,bbb_3372
6150,bbb_6812
6858,bbb_7515
4267,bbb_5013
4564,bbb_5294
2714,bbb_3535
6410,bbb_7058
2665,bbb_3488
460,bbb_1426
5743,bbb_6425
1079,bbb_2008
4191,bbb_49
6310,bbb_6965
2938,bbb_3741
107,bbb_1100
250,bbb_1232
2464,bbb_3295
2871,bbb_3680
2512,bbb_3339
514,bbb_1478
1259,bbb_2179
1635,bbb_2517
6066,bbb_6734
824,bbb_1769
3808,bbb_4561
7006,bbb_7653
6485,bbb_7132
268,bbb_1247
2156,bbb_3000
2445,bbb_3278
2916,bbb_3721
2786,bbb_3603
3473,bbb_4227
7287,bbb_890
4832,bbb_5552
3718,bbb_4471
92,bbb_1086
7393,bbb_987
536,bbb_1499
275,bbb_1255
3738,bbb_4490
320,bbb_1298
3811,bbb_4564
2446,bbb_3279
2932,bbb_3735
110,bbb_1103
2254,bbb_3093
2656,bbb_3480
753,bbb_1705
5070,bbb_5778
5667,bbb_6355
3670,bbb_4425
5433,bbb_612
3890,bbb_4637
5882,bbb_6561
6125,bbb_6789
1597,bbb_2483
5417,bbb_6109
2111,bbb_2951
5456,bbb_614
5615,bbb_6301
985,bbb_1920
2394,bbb_3230
2783,bbb_3600
5411,bbb_6103
3008,bbb_3804
4799,bbb_5520
586,bbb_1545
2203,bbb_3043
5829,bbb_6513
4091,bbb_4841
165,bbb_1153
7403,bbb_996
6067,bbb_6735
1211,bbb_2135
1910,bbb_2769
6644,bbb_7299
3644,bbb_4398
2477,bbb_3307
2319,bbb_3160
433,bbb_1401
3754,bbb_4506
4407,bbb_514
5842,bbb_6524
1668,bbb_2547
7039,bbb_7684
1844,bbb_2708
841,bbb_1785
1122,bbb_2051
3835,bbb_4586
2676,bbb_3498
1962,bbb_2816
5593,bbb_6276
3989,bbb_473
3033,bbb_3827
585,bbb_1544
1460,bbb_2360
3933,bbb_4680
1553,bbb_2443
2210,bbb_3049
4744,bbb_546
611,bbb_1568
5621,bbb_6308
6018,bbb_6690
114,bbb_1106
5636,bbb_6327
4301,bbb_5046
5587,bbb_6271
6053,bbb_6723
311,bbb_1290
3755,bbb_4507
2831,bbb_3643
6819,bbb_7478
2360,bbb_3199
2145,bbb_2990
3582,bbb_4329
2966,bbb_3766
952,bbb_1888
6085,bbb_6751
6527,bbb_717
5692,bbb_6380
6764,bbb_7425
950,bbb_1886
864,bbb_1807
2209,bbb_3048
342,bbb_1319
6058,bbb_6727
1273,bbb_2192
1119,bbb_2048
2302,bbb_3144
6603,bbb_7256
2452,bbb_3284
1489,bbb_2386
670,bbb_1624
862,bbb_1805
6573,bbb_7223
7074,bbb_7719
6128,bbb_6792
984,bbb_1919
4983,bbb_5694
2912,bbb_3717
6959,bbb_7611
663,bbb_1618
2696,bbb_3516
1107,bbb_2038
1945,bbb_2801
6654,bbb_7310
3395,bbb_4155
3740,bbb_4492
7401,bbb_994
6047,bbb_6717
941,bbb_1877
1264,bbb_218
5281,bbb_5977
84,bbb_1078
201,bbb_1185
876,bbb_1818
2206,bbb_3045
548,bbb_1511
482,bbb_1447
4174,bbb_4924
4032,bbb_4774
5392,bbb_6083
5740,bbb_6423
1812,bbb_2678
6721,bbb_7375
3356,bbb_4120
6866,bbb_7523
6194,bbb_6855
148,bbb_1138
2794,bbb_3610
406,bbb_1377
2935,bbb_3739
5706,bbb_6393
5606,bbb_6288
5660,bbb_6349
2654,bbb_3478
4043,bbb_4787
4007,bbb_4752
7037,bbb_7683
6678,bbb_7335
1401,bbb_2307
1546,bbb_2437
2276,bbb_3115
1785,bbb_265
2961,bbb_3762
2465,bbb_3296
1700,bbb_2576
5637,bbb_6329
4770,bbb_5489
3022,bbb_3817
3701,bbb_4454
125,bbb_1116
2270,bbb_3109
1692,bbb_2569
7094,bbb_7737
653,bbb_1609
863,bbb_1806
652,bbb_1608
2958,bbb_3759
2986,bbb_3784
3897,bbb_4643
5734,bbb_6417
6116,bbb_6781
4746,bbb_5465
888,bbb_1829
6565,bbb_7215
5694,bbb_6382
2838,bbb_3649
5296,bbb_5993
7031,bbb_7676
1950,bbb_2805
4801,bbb_5522
1123,bbb_2052
4215,bbb_496
2290,bbb_3134
5599,bbb_6282
2428,bbb_3262
3837,bbb_4588
4116,bbb_486
2198,bbb_3039
3464,bbb_4219
5534,bbb_6219
7256,bbb_861
2101,bbb_2942
6554,bbb_7201
2741,bbb_3561
3864,bbb_4613
7359,bbb_954
1545,bbb_2436
5887,bbb_6565
304,bbb_128
2467,bbb_3298
519,bbb_1483
1444,bbb_2345
4157,bbb_4909
6607,bbb_7260
5851,bbb_6533
2301,bbb_314
4083,bbb_4830
731,bbb_1682
6807,bbb_7465
2431,bbb_3264
3831,bbb_4583
2727,bbb_3546
6093,bbb_6759
5689,bbb_6377
3970,bbb_4715
3804,bbb_4557
3682,bbb_4436
2939,bbb_3742
4062,bbb_4804
3651,bbb_4405
4110,bbb_4858
3741,bbb_4493
7317,bbb_917
5418,bbb_6110
1172,bbb_2097
7032,bbb_7677
632,bbb_1589
1143,bbb_2070
5711,bbb_6397
2057,bbb_2903
5793,bbb_6472
510,bbb_1474
4313,bbb_5057
6548,bbb_7194
5579,bbb_6262
493,bbb_1458
2406,bbb_3240
3706,bbb_4460
3125,bbb_3911
4251,bbb_4997
4315,bbb_5059
5725,bbb_6409
6402,bbb_7051
1963,bbb_2817
544,bbb_1506
3698,bbb_4451
1377,bbb_2285
5626,bbb_6314
3993,bbb_4737
5988,bbb_6663
2420,bbb_3253
15,bbb_1014
3591,bbb_4337
2657,bbb_3481
2380,bbb_3217
1603,bbb_2488
1388,bbb_2295
3853,bbb_4603
5112,bbb_5819
969,bbb_1905
4499,bbb_5231
517,bbb_1481
1774,bbb_264
14,bbb_101
7337,bbb_935
3632,bbb_4387
4857,bbb_5574
973,bbb_1909
74,bbb_1068
3861,bbb_4610
7222,bbb_829
5572,bbb_6255
3572,bbb_4318
2370,bbb_3208
2910,bbb_3715
5072,bbb_5780
2408,bbb_3242
7381,bbb_976
128,bbb_1119
2454,bbb_3286
1588,bbb_2474
6850,bbb_7508
1756,bbb_2627
5690,bbb_6378
3813,bbb_4566
730,bbb_1681
686,bbb_1639
5574,bbb_6257
86,bbb_1080
1490,bbb_2387
6768,bbb_7429
2466,bbb_3297
4756,bbb_5475
2121,bbb_2960
865,bbb_1808
338,bbb_1315
2137,bbb_2978
7020,bbb_7666
2701,bbb_352
2258,bbb_3097
2619,bbb_3444
196,bbb_1181
3967,bbb_4713
5871,bbb_6551
2525,bbb_3350
6855,bbb_7513
3363,bbb_4126
2392,bbb_3228
5704,bbb_6391
890,bbb_1831
6626,bbb_7280
492,bbb_1456
6130,bbb_679
5620,bbb_6307
2853,bbb_3663
2205,bbb_3044
3812,bbb_4565
4536,bbb_5264
3730,bbb_4482
858,bbb_1802
96,bbb_1090
1400,bbb_2306
254,bbb_1235
6057,bbb_6726
4565,bbb_5296
443,bbb_1411
5590,bbb_627
2316,bbb_3157
5619,bbb_6306
7214,bbb_822
6467,bbb_7115
3019,bbb_3814
726,bbb_1676
2543,bbb_3366
7066,bbb_7709
2949,bbb_3751
4316,bbb_5060
4932,bbb_5644
5283,bbb_5981
6095,bbb_6761
5589,bbb_6273
4033,bbb_4775
6079,bbb_6745
1563,bbb_2452
938,bbb_1874
19,bbb_1018
28,bbb_1026
6347,bbb_7001
451,bbb_1418
1161,bbb_2087
5612,bbb_629
6672,bbb_7329
2371,bbb_3209
944,bbb_1880
5705,bbb_6392
186,bbb_1172
4158,bbb_4910
7280,bbb_88
6906,bbb_7560
1193,bbb_2116
2790,bbb_3606
2967,bbb_3767
7042,bbb_7687
2238,bbb_3078
5693,bbb_6381
6468,bbb_7116
62,bbb_1056
7392,bbb_986
1070,bbb_1999
4287,bbb_5031
772,bbb_1723
946,bbb_1882
430,bbb_1399
6933,bbb_7587
6281,bbb_69
3787,bbb_4542
3024,bbb_3819
7356,bbb_952
2723,bbb_3543
3649,bbb_4402
2310,bbb_3152
1165,bbb_2091
3714,bbb_4467
5138,bbb_584
1303,bbb_2219
2419,bbb_3252
1993,bbb_284
907,bbb_1845
861,bbb_1804
1529,bbb_2422
4069,bbb_4812
547,bbb_1510
5843,bbb_6525
1275,bbb_219
4891,bbb_5605
4957,bbb_5668
4213,bbb_4962
7274,bbb_878
1794,bbb_2662
2449,bbb_3282
6526,bbb_7172
2854,bbb_3664
6688,bbb_734
3799,bbb_4553
6405,bbb_705
293,bbb_1273
237,bbb_1220
1726,bbb_2600
6966,bbb_7617
700,bbb_1651
878,bbb_1820
5391,bbb_6082
3850,bbb_4600
4016,bbb_4760
6586,bbb_7240
1411,bbb_2316
3545,bbb_4293
2832,bbb_364
3306,bbb_407
5555,bbb_6238
4104,bbb_4853
4273,bbb_5018
6222,bbb_688
157,bbb_1145
366,bbb_1340
6119,bbb_678
4107,bbb_4855
6753,bbb_7414
5940,bbb_6618
4694,bbb_5414
442,bbb_1410
6008,bbb_6681
4446,bbb_5181
3677,bbb_4432
5757,bbb_6439
2738,bbb_3558
6090,bbb_6756
1356,bbb_2266
4201,bbb_4949
2893,bbb_3700
906,bbb_1844
53,bbb_1048
1727,bbb_2601
6659,bbb_7315
4176,bbb_4926
3217,bbb_399
1445,bbb_2346
1683,bbb_2561
1543,bbb_2434
1414,bbb_2319
899,bbb_1839
4554,bbb_5283
4552,bbb_5279
5371,bbb_606
1590,bbb_2476
4391,bbb_5130
5708,bbb_6394
4352,bbb_509
1271,bbb_2190
2860,bbb_3670
4220,bbb_4968
5712,bbb_6398
2256,bbb_3095
4179,bbb_4929
1594,bbb_2480
3921,bbb_4664
2870,bbb_3679
1074,bbb_200
4106,bbb_4854
1698,bbb_2574
1202,bbb_2125
6314,bbb_6969
6930,bbb_758
931,bbb_1867
1108,bbb_2039
217,bbb_1202
6308,bbb_696
5608,bbb_6290
6027,bbb_6698
2947,bbb_3749
6175,bbb_6837
7180,bbb_791
3946,bbb_469
6588,bbb_7242
2686,bbb_3507
6814,bbb_747
2737,bbb_3557
905,bbb_184
1486,bbb_238
5080,bbb_5787
4086,bbb_4834
3604,bbb_4353
3575,bbb_4322
6372,bbb_702
3603,bbb_4352
3906,bbb_4651
4521,bbb_5251
499,bbb_1464
2797,bbb_3613
3802,bbb_4555
4119,bbb_4867
960,bbb_1896
1177,bbb_2102
1934,bbb_2791
3866,bbb_4614
7322,bbb_922
6809,bbb_7467
22,bbb_1021
3784,bbb_45
6307,bbb_6963
6456,bbb_7104
721,bbb_1672
5981,bbb_6655
7323,bbb_923
2401,bbb_3236
3770,bbb_4527
4105,bbb_485
4226,bbb_4974
6101,bbb_6766
2888,bbb_3695
5547,bbb_6231
1983,bbb_2835
3578,bbb_4324
3618,bbb_4374
4265,bbb_5011
4322,bbb_5065
4953,bbb_5664
5091,bbb_5799
1887,bbb_2747
3357,bbb_4121
3660,bbb_4414
3667,bbb_4423
3716,bbb_4469
3910,bbb_4654
4790,bbb_5508
5573,bbb_6256
7025,bbb_7671
7253,bbb_858
1243,bbb_216
3773,bbb_4530
3838,bbb_4589
3882,bbb_4629
4261,bbb_5007
6091,bbb_6757
6326,bbb_6980
6509,bbb_7155
6572,bbb_7222
7044,bbb_7689
7370,bbb_964
6488,bbb_7135
3774,bbb_4531
3919,bbb_4663
4039,bbb_4782
4076,bbb_4821
4275,bbb_5020
5023,bbb_5734
6311,bbb_6966
6346,bbb_7000
6424,bbb_707
7281,bbb_884
3732,bbb_4484
3830,bbb_4582
3958,bbb_4704
5653,bbb_6343
6559,bbb_7210
6656,bbb_7313
1565,bbb_245
1888,bbb_2748
2247,bbb_3086
2283,bbb_3128
3362,bbb_4125
3647,bbb_4400
3658,bbb_4413
5006,bbb_5718
6178,bbb_6841
6687,bbb_7343
7237,bbb_84
7358,bbb_95
3935,bbb_4682
4444,bbb_5179
5025,bbb_5736
1725,bbb_2599
3443,bbb_4200
3727,bbb_4479
3793,bbb_4547
3899,bbb_4644
3996,bbb_47
4182,bbb_4932
4243,bbb_4990
5140,bbb_5845
6323,bbb_6977
6507,bbb_715
7271,bbb_875
7394,bbb_988
2715,bbb_3536
3953,bbb_4700
6655,bbb_7311
0,bbb_1000
0,bbb_1000
0,bbb_1000
0,bbb_1000
0,bbb_1000
0,bbb_1000
0,bbb_1000
0,bbb_1000
0,bbb_1000
0,bbb_1000
0,bbb_1000
0,bbb_1000
0,bbb_1000
0,bbb_1000
0,bbb_1000
0,bbb_1000
0,bbb_1000
0,bbb_1000
0,bbb_1000
0,bbb_1000
0,bbb_1000
0,bbb_1000
0,bbb_1000
0,bbb_1000
0,bbb_1000
0,bbb_1000
0,bbb_1000
0,bbb_1000
0,bbb_1000
0,bbb_1000
0,bbb_1000
0,bbb_1000
0,bbb_1000
0,bbb_1000
0,bbb_1000
0,bbb_1000
0,bbb_1000
0,bbb_1000
0,bbb_1000
0,bbb_1000
0,bbb_1000
0,bbb_1000
0,bbb_1000
0,bbb_1000
0,bbb_1000
0,bbb_1000
0,bbb_1000
0,bbb_1000
0,bbb_1000
0,bbb_1000
0,bbb_1000
0,bbb_1000
0,bbb_1000
0,bbb_1000
0,bbb_1000
0,bbb_1000
0,bbb_1000
0,bbb_1000
0,bbb_1000
0,bbb_1000
0,bbb_1000
0,bbb_1000
